ticker,date,title,url
ABB,29/12/2025,CBTT về việc đăng k&#253; giao dịch tr&#225;i phiếu ABB12517 của Ng&#226;n h&#224;ng TMCP An B&#236;nh (ABBANK),//vietstock.vn/2025/12/cbtt-ve-viec-dang-ky-giao-dich-trai-phieu-abb12517-cua-ngan-hang-tmcp-an-binh-abbank-3118-1385881.htm
ABB,29/12/2025,CBTT về việc đăng k&#253; giao dịch tr&#225;i phiếu ABB12516 của Ng&#226;n h&#224;ng TMCP An B&#236;nh (ABBANK),//vietstock.vn/2025/12/cbtt-ve-viec-dang-ky-giao-dich-trai-phieu-abb12516-cua-ngan-hang-tmcp-an-binh-abbank-3118-1385892.htm
ABB,26/12/2025,ABB: T&#224;i liệu họp Đại hội đồng cổ đ&#244;ng,//vietstock.vn/2025/12/abb-tai-lieu-hop-dai-hoi-dong-co-dong-737-1385147.htm
ABB,24/12/2025,CBTT về việc đăng k&#253; giao dịch tr&#225;i phiếu ABB12515 của Ng&#226;n h&#224;ng TMCP An B&#236;nh (ABBANK),//vietstock.vn/2025/12/cbtt-ve-viec-dang-ky-giao-dich-trai-phieu-abb12515-cua-ngan-hang-tmcp-an-binh-abbank-3118-1384667.htm
ABB,22/12/2025,C&#225;c sự kiện ng&#226;n h&#224;ng nổi bật năm 2025,//vietstock.vn/2025/12/cac-su-kien-ngan-hang-noi-bat-nam-2025-757-1379878.htm
ABB,18/12/2025,ABB: Nghị quyết Hội đồng quản trị,//vietstock.vn/2025/12/abb-nghi-quyet-hoi-dong-quan-tri-737-1382541.htm
ABB,18/12/2025,ABBank: C&#226;u chuyện mục ti&#234;u tăng trưởng v&#224; h&#224;nh tr&#236;nh bứt ph&#225;,//vietstock.vn/2025/12/abbank-cau-chuyen-muc-tieu-tang-truong-va-hanh-trinh-but-pha-757-1382218.htm
ABB,17/12/2025,ABB: K&#253; hợp đồng kiểm to&#225;n B&#225;o c&#225;o t&#224;i ch&#237;nh năm 2025,//vietstock.vn/2025/12/abb-ky-hop-dong-kiem-toan-bao-cao-tai-chinh-nam-2025-737-1382062.htm
ABB,16/12/2025,ABB: Ng&#224;y đăng k&#253; cuối c&#249;ng lấy &#253; kiến cổ đ&#244;ng bằng văn bản,//vietstock.vn/2025/12/abb-ngay-dang-ky-cuoi-cung-lay-y-kien-co-dong-bang-van-ban-737-1381512.htm
ABB,12/12/2025,ABB: Nghị quyết Hội đồng quản trị,//vietstock.vn/2025/12/abb-nghi-quyet-hoi-dong-quan-tri-737-1380628.htm
ABB,11/12/2025,ABB: Nghị quyết Hội đồng quản trị,//vietstock.vn/2025/12/abb-nghi-quyet-hoi-dong-quan-tri-737-1380343.htm
ABB,10/12/2025,Th&#244;ng b&#225;o về việc tạm ngừng giao dịch đối với tr&#225;i phiếu ABB12403 của Ng&#226;n h&#224;ng TMCP An B&#236;nh (ABBANK),//vietstock.vn/2025/12/thong-bao-ve-viec-tam-ngung-giao-dich-doi-voi-trai-phieu-abb12403-cua-ngan-hang-tmcp-an-binh-abbank-3118-1379950.htm
ABB,10/12/2025,Th&#244;ng b&#225;o về việc tạm ngừng giao dịch đối với tr&#225;i phiếu ABB12402 của Ng&#226;n h&#224;ng TMCP An B&#236;nh (ABBANK),//vietstock.vn/2025/12/thong-bao-ve-viec-tam-ngung-giao-dich-doi-voi-trai-phieu-abb12402-cua-ngan-hang-tmcp-an-binh-abbank-3118-1379949.htm
ABB,09/12/2025,ABB: Nghị quyết Hội đồng quản trị,//vietstock.vn/2025/12/abb-nghi-quyet-hoi-dong-quan-tri-737-1379773.htm
ABB,02/12/2025,Cổ phiếu vua v&#224; VN-Index kh&#244;ng c&#242;n chung nhịp,//vietstock.vn/2025/12/co-phieu-vua-va-vn-index-khong-con-chung-nhip-830-1377576.htm
ABB,02/12/2025,ABB: Nghị quyết Hội đồng quản trị,//vietstock.vn/2025/12/abb-nghi-quyet-hoi-dong-quan-tri-737-1377846.htm
ABB,02/12/2025,"ABBank l&#227;i trước thuế 3,400 tỷ sau 11 th&#225;ng, vượt gần gấp đ&#244;i kế hoạch",//vietstock.vn/2025/12/abbank-lai-truoc-thue-3400-ty-sau-11-thang-vuot-gan-gap-doi-ke-hoach-757-1377603.htm
ABB,02/12/2025,Đằng sau cuộc đua tăng vốn điều lệ của c&#225;c ng&#226;n h&#224;ng,//vietstock.vn/2025/12/dang-sau-cuoc-dua-tang-von-dieu-le-cua-cac-ngan-hang-757-1377517.htm
ABB,27/11/2025,Th&#244;ng b&#225;o về việc hủy bỏ đăng k&#253; giao dịch đối với tr&#225;i phiếu ABB12309 của Ng&#226;n h&#224;ng TMCP An B&#236;nh (ABBANK),//vietstock.vn/2025/11/thong-bao-ve-viec-huy-bo-dang-ky-giao-dich-doi-voi-trai-phieu-abb12309-cua-ngan-hang-tmcp-an-binh-abbank-3118-1376242.htm
ABB,27/11/2025,Th&#244;ng b&#225;o về việc hủy bỏ đăng k&#253; giao dịch đối với tr&#225;i phiếu ABB12308 của Ng&#226;n h&#224;ng TMCP An B&#236;nh (ABBANK),//vietstock.vn/2025/11/thong-bao-ve-viec-huy-bo-dang-ky-giao-dich-doi-voi-trai-phieu-abb12308-cua-ngan-hang-tmcp-an-binh-abbank-3118-1376243.htm
ABB,27/11/2025,Th&#244;ng b&#225;o về việc hủy bỏ đăng k&#253; giao dịch đối với tr&#225;i phiếu ABB12307 của Ng&#226;n h&#224;ng TMCP An B&#236;nh (ABBANK),//vietstock.vn/2025/11/thong-bao-ve-viec-huy-bo-dang-ky-giao-dich-doi-voi-trai-phieu-abb12307-cua-ngan-hang-tmcp-an-binh-abbank-3118-1376221.htm
ABB,27/11/2025,Th&#244;ng b&#225;o về việc hủy bỏ đăng k&#253; giao dịch đối với tr&#225;i phiếu ABB12401 của Ng&#226;n h&#224;ng TMCP An B&#236;nh (ABBANK),//vietstock.vn/2025/11/thong-bao-ve-viec-huy-bo-dang-ky-giao-dich-doi-voi-trai-phieu-abb12401-cua-ngan-hang-tmcp-an-binh-abbank-3118-1376297.htm
ABB,27/11/2025,Th&#244;ng b&#225;o về việc hủy bỏ đăng k&#253; giao dịch đối với tr&#225;i phiếu ABB12304 của Ng&#226;n h&#224;ng TMCP An B&#236;nh (ABBANK),//vietstock.vn/2025/11/thong-bao-ve-viec-huy-bo-dang-ky-giao-dich-doi-voi-trai-phieu-abb12304-cua-ngan-hang-tmcp-an-binh-abbank-3118-1376291.htm
ABB,27/11/2025,Th&#244;ng b&#225;o về việc hủy bỏ đăng k&#253; giao dịch đối với tr&#225;i phiếu ABB12302 của Ng&#226;n h&#224;ng TMCP An B&#236;nh (ABBANK),//vietstock.vn/2025/11/thong-bao-ve-viec-huy-bo-dang-ky-giao-dich-doi-voi-trai-phieu-abb12302-cua-ngan-hang-tmcp-an-binh-abbank-3118-1376290.htm
ABB,24/11/2025,ABB: Nghị quyết Hội đồng quản trị,//vietstock.vn/2025/11/abb-nghi-quyet-hoi-dong-quan-tri-737-1374809.htm
ABB,24/11/2025,[Infographics] To&#224;n cảnh kết quả kinh doanh ng&#226;n h&#224;ng 9 th&#225;ng đầu năm 2025,//vietstock.vn/2025/11/infographics-toan-canh-ket-qua-kinh-doanh-ngan-hang-9-thang-dau-nam-2025-757-1372531.htm
ABB,20/11/2025,Th&#244;ng b&#225;o về việc hủy bỏ đăng k&#253; giao dịch đối với tr&#225;i phiếu ABB12306 của Ng&#226;n h&#224;ng TMCP An B&#236;nh (ABBANK),//vietstock.vn/2025/11/thong-bao-ve-viec-huy-bo-dang-ky-giao-dich-doi-voi-trai-phieu-abb12306-cua-ngan-hang-tmcp-an-binh-abbank-3118-1373983.htm
ABB,20/11/2025,Th&#244;ng b&#225;o về việc hủy bỏ đăng k&#253; giao dịch đối với tr&#225;i phiếu ABB12305 của Ng&#226;n h&#224;ng TMCP An B&#236;nh (ABBANK),//vietstock.vn/2025/11/thong-bao-ve-viec-huy-bo-dang-ky-giao-dich-doi-voi-trai-phieu-abb12305-cua-ngan-hang-tmcp-an-binh-abbank-3118-1373982.htm
ABB,20/11/2025,CBTT về việc đăng k&#253; giao dịch tr&#225;i phiếu ABB12514 của Ng&#226;n h&#224;ng TMCP An B&#236;nh (ABBANK),//vietstock.vn/2025/11/cbtt-ve-viec-dang-ky-giao-dich-trai-phieu-abb12514-cua-ngan-hang-tmcp-an-binh-abbank-3118-1373989.htm
ABB,19/11/2025,"Tỷ lệ LDR tăng trở lại: T&#237;n dụng phục hồi, thanh khoản &#225;p lực?",//vietstock.vn/2025/11/ty-le-ldr-tang-tro-lai-tin-dung-phuc-hoi-thanh-khoan-ap-luc-757-1372515.htm
ABB,17/11/2025,Ng&#226;n h&#224;ng chủ động chấp nhận NIM mỏng hơn,//vietstock.vn/2025/11/ngan-hang-chu-dong-chap-nhan-nim-mong-hon-757-1371766.htm
ABB,14/11/2025,"ABB: Th&#244;ng b&#225;o thay đổi nh&#226;n sự, c&#225;n bộ cấp cao quản trị C&#244;ng ty",//vietstock.vn/2025/11/abb-thong-bao-thay-doi-nhan-su-can-bo-cap-cao-quan-tri-cong-ty-214-1372395.htm
ABB,14/11/2025,ABB: Đơn xin từ nhiệm,//vietstock.vn/2025/11/abb-don-xin-tu-nhiem-830-1372377.htm
ABB,14/11/2025,ABBank bổ nhiệm h&#224;ng loạt vị tr&#237; nh&#226;n sự cấp cao,//vietstock.vn/2025/11/abbank-bo-nhiem-hang-loat-vi-tri-nhan-su-cap-cao-757-1372202.htm
ABB,14/11/2025,"Tỷ lệ CASA tiếp tục giảm, d&#242;ng tiền c&#243; đang dịch chuyển?",//vietstock.vn/2025/11/ty-le-casa-tiep-tuc-giam-dong-tien-co-dang-dich-chuyen-757-1370610.htm
ABB,13/11/2025,ABB: Nghị quyết Hội đồng quản trị,//vietstock.vn/2025/11/abb-nghi-quyet-hoi-dong-quan-tri-737-1371876.htm
ABB,12/11/2025,ABB: Quyết định Hội đồng quản trị,//vietstock.vn/2025/11/abb-quyet-dinh-hoi-dong-quan-tri-830-1371424.htm
ABB,11/11/2025,CBTT về việc đăng k&#253; giao dịch tr&#225;i phiếu ABB12513 của Ng&#226;n h&#224;ng TMCP An B&#236;nh (ABBANK),//vietstock.vn/2025/11/cbtt-ve-viec-dang-ky-giao-dich-trai-phieu-abb12513-cua-ngan-hang-tmcp-an-binh-abbank-3118-1371097.htm
ABB,10/11/2025,Nợ xấu ng&#226;n h&#224;ng cuối năm c&#243; thể giảm về ngưỡng an to&#224;n?,//vietstock.vn/2025/11/no-xau-ngan-hang-cuoi-nam-co-the-giam-ve-nguong-an-toan-757-1370606.htm
ABB,07/11/2025,Lợi nhuận ng&#224;nh ng&#226;n h&#224;ng tăng trưởng 2 con số trong 9 th&#225;ng đầu năm,//vietstock.vn/2025/11/loi-nhuan-nganh-ngan-hang-tang-truong-2-con-so-trong-9-thang-dau-nam-737-1369986.htm
ABB,06/11/2025,Th&#244;ng b&#225;o về việc tạm ngừng giao dịch đối với tr&#225;i phiếu ABB12401 của Ng&#226;n h&#224;ng TMCP An B&#236;nh (ABBANK),//vietstock.vn/2025/11/thong-bao-ve-viec-tam-ngung-giao-dich-doi-voi-trai-phieu-abb12401-cua-ngan-hang-tmcp-an-binh-abbank-3118-1369990.htm
ABB,04/11/2025,Cổ phiếu ng&#226;n h&#224;ng “gh&#236;m ch&#226;n” VN-Index trong th&#225;ng 10,//vietstock.vn/2025/11/co-phieu-ngan-hang-ghim-chan-vn-index-trong-thang-10-830-1369250.htm
ABB,03/11/2025,ABB: B&#225;o c&#225;o t&#224;i ch&#237;nh qu&#253; 3/2025,//vietstock.vn/2025/11/abb-bao-cao-tai-chinh-quy-3-2025-737-1368776.htm
ABB,03/11/2025,ABB: B&#225;o c&#225;o t&#224;i ch&#237;nh qu&#253; 3/2025 (c&#244;ng ty mẹ),//vietstock.vn/2025/11/abb-bao-cao-tai-chinh-quy-3-2025-cong-ty-me-737-1368729.htm
ABB,31/10/2025,ABB: Nghị quyết Hội đồng quản trị,//vietstock.vn/2025/10/abb-nghi-quyet-hoi-dong-quan-tri-737-1368005.htm
ABB,30/10/2025,Th&#244;ng b&#225;o về việc tạm ngừng giao dịch đối với tr&#225;i phiếu ABB12304 của Ng&#226;n h&#224;ng TMCP An B&#236;nh (ABBANK),//vietstock.vn/2025/10/thong-bao-ve-viec-tam-ngung-giao-dich-doi-voi-trai-phieu-abb12304-cua-ngan-hang-tmcp-an-binh-abbank-3118-1367643.htm
ABB,28/10/2025,ABB: Nghị quyết Hội đồng quản trị,//vietstock.vn/2025/10/abb-nghi-quyet-hoi-dong-quan-tri-737-1366226.htm
ABB,27/10/2025,ABB: Nghị quyết Hội đồng quản trị,//vietstock.vn/2025/10/abb-nghi-quyet-hoi-dong-quan-tri-737-1365917.htm
ABB,27/10/2025,ABB: Văn bản chấp thuận của Ng&#226;n h&#224;ng Nh&#224; nước Việt Nam về việc tăng vốn điều lệ,//vietstock.vn/2025/10/abb-van-ban-chap-thuan-cua-ngan-hang-nha-nuoc-viet-nam-ve-viec-tang-von-dieu-le-737-1365916.htm
ABB,25/10/2025,"Vượt 30% mục ti&#234;u lợi nhuận năm sau 9 th&#225;ng, ABBank được chấp thuận tăng vốn l&#234;n 13,973 tỷ đồng",//vietstock.vn/2025/10/vuot-30-muc-tieu-loi-nhuan-nam-sau-9-thang-abbank-duoc-chap-thuan-tang-von-len-13973-ty-dong-737-1365438.htm
ABB,23/10/2025,ABB: Nghị quyết Hội đồng quản trị,//vietstock.vn/2025/10/abb-nghi-quyet-hoi-dong-quan-tri-737-1364661.htm
ABB,09/10/2025,ABB: Nghị quyết Hội đồng quản trị,//vietstock.vn/2025/10/abb-nghi-quyet-hoi-dong-quan-tri-737-1359893.htm
ABB,07/10/2025,ABB: Nghị quyết Hội đồng quản trị,//vietstock.vn/2025/10/abb-nghi-quyet-hoi-dong-quan-tri-737-1358990.htm
ABB,07/10/2025,Cổ phiếu “vua” c&#242;n hấp dẫn trong qu&#253; cuối năm?,//vietstock.vn/2025/10/co-phieu-vua-con-hap-dan-trong-quy-cuoi-nam-830-1358530.htm
ABB,01/10/2025,Th&#244;ng b&#225;o về việc hủy bỏ đăng k&#253; giao dịch đối với tr&#225;i phiếu ABB12303 của Ng&#226;n h&#224;ng TMCP An B&#236;nh (ABBANK),//vietstock.vn/2025/10/thong-bao-ve-viec-huy-bo-dang-ky-giao-dich-doi-voi-trai-phieu-abb12303-cua-ngan-hang-tmcp-an-binh-abbank-3118-1357221.htm
ABB,30/09/2025,ABB: Nghị quyết Hội đồng quản trị,//vietstock.vn/2025/09/abb-nghi-quyet-hoi-dong-quan-tri-737-1356875.htm
ABB,29/09/2025,ABB: Nghị quyết Hội đồng quản trị,//vietstock.vn/2025/09/abb-nghi-quyet-hoi-dong-quan-tri-737-1356433.htm
ABB,29/09/2025,ABB: Nghị quyết Hội đồng quản trị,//vietstock.vn/2025/09/abb-nghi-quyet-hoi-dong-quan-tri-737-1356430.htm
ABB,19/09/2025,ABBank dự kiến tăng vốn điều lệ l&#234;n gần 14 ng&#224;n tỷ&#160;,//vietstock.vn/2025/09/abbank-du-kien-tang-von-dieu-le-len-gan-14-ngan-ty-757-1353891.htm
ABB,19/09/2025,ABB: Quyết định Hội đồng quản trị,//vietstock.vn/2025/09/abb-quyet-dinh-hoi-dong-quan-tri-830-1353915.htm
ABB,18/09/2025,ABB: Nghị quyết Đại hội đồng cổ đ&#244;ng lấy &#253; kiến cổ đ&#244;ng bằng văn bản,//vietstock.vn/2025/09/abb-nghi-quyet-dai-hoi-dong-co-dong-lay-y-kien-co-dong-bang-van-ban-737-1353548.htm
ABB,09/09/2025,ABB: B&#225;o c&#225;o t&#224;i ch&#237;nh b&#225;n ni&#234;n năm 2025 (c&#244;ng ty mẹ),//vietstock.vn/2025/09/abb-bao-cao-tai-chinh-ban-nien-nam-2025-cong-ty-me-737-1350545.htm
ABB,09/09/2025,ABB: B&#225;o c&#225;o t&#224;i ch&#237;nh b&#225;n ni&#234;n năm 2025,//vietstock.vn/2025/09/abb-bao-cao-tai-chinh-ban-nien-nam-2025-737-1350523.htm
ABB,09/09/2025,Ng&#226;n h&#224;ng TMCP An B&#236;nh (ABBANK) B&#225;o c&#225;o t&#224;i ch&#237;nh B&#225;n ni&#234;n (Kỳ b&#225;o c&#225;o từ 01/01/2025 đến 30/06/2025) năm 2025,//vietstock.vn/2025/09/ngan-hang-tmcp-an-binh-abbank-bao-cao-tai-chinh-ban-nien-ky-bao-cao-tu-01-01-2025-den-30-06-2025-nam-2025-3118-1350730.htm
ABB,03/09/2025,S&#243;ng cổ phiếu ng&#226;n h&#224;ng kh&#244;ng ngừng d&#226;ng cao,//vietstock.vn/2025/09/song-co-phieu-ngan-hang-khong-ngung-dang-cao-830-1348296.htm
ABB,03/09/2025,ABB: T&#224;i liệu họp Đại hội đồng cổ đ&#244;ng,//vietstock.vn/2025/09/abb-tai-lieu-hop-dai-hoi-dong-co-dong-737-1348049.htm
ABB,03/09/2025,ABB: Th&#244;ng b&#225;o thay đổi tỷ lệ sở hữu nước ngo&#224;i tối đa,//vietstock.vn/2025/09/abb-thong-bao-thay-doi-ty-le-so-huu-nuoc-ngoai-toi-da-739-1348069.htm
ABB,02/09/2025,[Infographics] To&#224;n cảnh kết quả kinh doanh ng&#226;n h&#224;ng nửa đầu năm 2025,//vietstock.vn/2025/09/infographics-toan-canh-ket-qua-kinh-doanh-ngan-hang-nua-dau-nam-2025-757-1347249.htm
ABB,29/08/2025,"Mạnh tay cắt giảm nh&#226;n sự, ng&#226;n h&#224;ng n&#224;o chi cho nh&#226;n vi&#234;n nhiều nhất trong nửa đầu năm?",//vietstock.vn/2025/08/manh-tay-cat-giam-nhan-su-ngan-hang-nao-chi-cho-nhan-vien-nhieu-nhat-trong-nua-dau-nam-757-1345184.htm
ABB,29/08/2025,CBTT về việc đăng k&#253; giao dịch tr&#225;i phiếu ABB12512 của Ng&#226;n h&#224;ng TMCP An B&#236;nh (ABBANK),//vietstock.vn/2025/08/cbtt-ve-viec-dang-ky-giao-dich-trai-phieu-abb12512-cua-ngan-hang-tmcp-an-binh-abbank-3118-1349062.htm
ABB,26/08/2025,"Tỷ lệ LDR giảm, ng&#226;n h&#224;ng chậm nhịp hay ph&#242;ng thủ?",//vietstock.vn/2025/08/ty-le-ldr-giam-ngan-hang-cham-nhip-hay-phong-thu-757-1344521.htm
ABB,21/08/2025,NIM ng&#226;n h&#224;ng mỏng đi l&#224; xu hướng tất yếu?,//vietstock.vn/2025/08/nim-ngan-hang-mong-di-la-xu-huong-tat-yeu-757-1343682.htm
ABB,21/08/2025,Th&#244;ng b&#225;o về việc hủy bỏ đăng k&#253; giao dịch đối với tr&#225;i phiếu ABB12301 của Ng&#226;n h&#224;ng TMCP An B&#236;nh (ABBANK),//vietstock.vn/2025/08/thong-bao-ve-viec-huy-bo-dang-ky-giao-dich-doi-voi-trai-phieu-abb12301-cua-ngan-hang-tmcp-an-binh-abbank-3118-1344096.htm
ABB,20/08/2025,ABB: Nghị quyết Hội đồng quản trị,//vietstock.vn/2025/08/abb-nghi-quyet-hoi-dong-quan-tri-737-1343852.htm
ABB,20/08/2025,ABB: Cấp Hạn mức thấu chi đối với người c&#243; li&#234;n quan của người nội bộ,//vietstock.vn/2025/08/abb-cap-han-muc-thau-chi-doi-voi-nguoi-co-lien-quan-cua-nguoi-noi-bo-739-1343836.htm
ABB,20/08/2025,ABB: Điều chỉnh mức ph&#237; tư vấn tại Hợp đồng Dịch vụ tư vấn giữa ABBANK v&#224; &#212;ng Vũ Văn Hậu,//vietstock.vn/2025/08/abb-dieu-chinh-muc-phi-tu-van-tai-hop-dong-dich-vu-tu-van-giua-abbank-va-ong-vu-van-hau-830-1343837.htm
ABB,18/08/2025,CASA phục hồi nhưng &#225;p lực duy tr&#236; cuối năm kh&#244;ng nhỏ,//vietstock.vn/2025/08/casa-phuc-hoi-nhung-ap-luc-duy-tri-cuoi-nam-khong-nho-757-1341391.htm
ABB,15/08/2025,ABB: Ng&#224;y đăng k&#253; cuối c&#249;ng lấy &#253; kiến cổ đ&#244;ng bằng văn bản,//vietstock.vn/2025/08/abb-ngay-dang-ky-cuoi-cung-lay-y-kien-co-dong-bang-van-ban-737-1342079.htm
ABB,14/08/2025,"Đ&#224; tăng nợ xấu chững lại, nhiều ng&#226;n h&#224;ng cải thiện chất lượng nợ vay",//vietstock.vn/2025/08/da-tang-no-xau-chung-lai-nhieu-ngan-hang-cai-thien-chat-luong-no-vay-757-1339865.htm
ABB,13/08/2025,Lợi nhuận ng&#226;n h&#224;ng qu&#253; 2 bứt tốc,//vietstock.vn/2025/08/loi-nhuan-ngan-hang-quy-2-but-toc-737-1340442.htm
ABB,13/08/2025,ABB: Th&#244;ng b&#225;o về ng&#224;y đăng k&#253; cuối c&#249;ng thực hiện quyền lấy &#253; kiến cổ đ&#244;ng về Phương &#225;n Tăng mức vốn điều lệ ABBANK,//vietstock.vn/2025/08/abb-thong-bao-ve-ngay-dang-ky-cuoi-cung-thuc-hien-quyen-lay-y-kien-co-dong-ve-phuong-an-tang-muc-von-dieu-le-abbank-737-1340907.htm
ABB,13/08/2025,ABB: Nghị quyết Hội đồng quản trị,//vietstock.vn/2025/08/abb-nghi-quyet-hoi-dong-quan-tri-737-1340906.htm
ABB,12/08/2025,ABB: Điều lệ Ng&#226;n h&#224;ng TMCP An B&#236;nh,//vietstock.vn/2025/08/abb-dieu-le-ngan-hang-tmcp-an-binh-737-1340439.htm
ABB,12/08/2025,Ng&#226;n h&#224;ng TMCP An B&#236;nh (ABBANK) B&#225;o c&#225;o t&#236;nh h&#236;nh thanh to&#225;n gốc l&#227;i B&#225;n ni&#234;n (Kỳ b&#225;o c&#225;o từ 01/01/2025 đến 30/06/2025) năm 2025,//vietstock.vn/2025/08/ngan-hang-tmcp-an-binh-abbank-bao-cao-tinh-hinh-thanh-toan-goc-lai-ban-nien-ky-bao-cao-tu-01-01-2025-den-30-06-2025-nam-2025-3118-1340556.htm
ABB,11/08/2025,Th&#244;ng b&#225;o về việc tạm ngừng giao dịch đối với tr&#225;i phiếu ABB12302 của Ng&#226;n h&#224;ng TMCP An B&#236;nh (ABBANK),//vietstock.vn/2025/08/thong-bao-ve-viec-tam-ngung-giao-dich-doi-voi-trai-phieu-abb12302-cua-ngan-hang-tmcp-an-binh-abbank-3118-1340094.htm
ABB,11/08/2025,ABB: Thay đổi địa chỉ đặt trụ sở ch&#237;nh tại Giấy ph&#233;p th&#224;nh lập v&#224; hoạt động của ABBANK,//vietstock.vn/2025/08/abb-thay-doi-dia-chi-dat-tru-so-chinh-tai-giay-phep-thanh-lap-va-hoat-dong-cua-abbank-737-1339825.htm
ABB,07/08/2025,Nhiều kỷ lục mới của cổ phiếu ng&#226;n h&#224;ng được thiết lập trong th&#225;ng 7,//vietstock.vn/2025/08/nhieu-ky-luc-moi-cua-co-phieu-ngan-hang-duoc-thiet-lap-trong-thang-7-830-1338832.htm
ABB,04/08/2025,ABB: B&#225;o c&#225;o t&#224;i ch&#237;nh qu&#253; 2/2025,//vietstock.vn/2025/08/abb-bao-cao-tai-chinh-quy-2-2025-737-1337823.htm
ABB,04/08/2025,ABB: B&#225;o c&#225;o t&#224;i ch&#237;nh qu&#253; 2/2025 (c&#244;ng ty mẹ),//vietstock.vn/2025/08/abb-bao-cao-tai-chinh-quy-2-2025-cong-ty-me-737-1337803.htm
ABB,31/07/2025,ABB: B&#225;o c&#225;o quản trị c&#244;ng ty b&#225;n ni&#234;n 2025,//vietstock.vn/2025/07/abb-bao-cao-quan-tri-cong-ty-ban-nien-2025-737-1335953.htm
ABB,31/07/2025,"Nửa đầu năm thực hiện được 92% mục ti&#234;u lợi nhuận, nợ xấu ABBank cải thiện",//vietstock.vn/2025/07/nua-dau-nam-thuc-hien-duoc-92-muc-tieu-loi-nhuan-no-xau-abbank-cai-thien-737-1335600.htm
ABB,29/07/2025,ABB: Quyết định về việc xử phạt vi phạm h&#224;nh ch&#237;nh về thuế qua kiểm tra thuế,//vietstock.vn/2025/07/abb-quyet-dinh-ve-viec-xu-phat-vi-pham-hanh-chinh-ve-thue-qua-kiem-tra-thue-830-1334057.htm
ABB,28/07/2025,ABB: Nghị quyết Hội đồng quản trị,//vietstock.vn/2025/07/abb-nghi-quyet-hoi-dong-quan-tri-737-1333606.htm
ABB,09/07/2025,CBTT về việc đăng k&#253; giao dịch tr&#225;i phiếu ABB12511 của Ng&#226;n h&#224;ng TMCP An B&#236;nh (ABBANK),//vietstock.vn/2025/07/cbtt-ve-viec-dang-ky-giao-dich-trai-phieu-abb12511-cua-ngan-hang-tmcp-an-binh-abbank-3118-1327203.htm
ABB,07/07/2025,ABB: Nghị quyết Hội đồng quản trị,//vietstock.vn/2025/07/abb-nghi-quyet-hoi-dong-quan-tri-737-1325595.htm
ABB,07/07/2025,CBTT về việc đăng k&#253; giao dịch tr&#225;i phiếu ABB12510 của Ng&#226;n h&#224;ng TMCP An B&#236;nh (ABBANK),//vietstock.vn/2025/07/cbtt-ve-viec-dang-ky-giao-dich-trai-phieu-abb12510-cua-ngan-hang-tmcp-an-binh-abbank-3118-1326045.htm
ABB,04/07/2025,ABB: T&#225;i bổ nhiệm &#212;ng B&#249;i Quốc Việt giữ chức danh Kế to&#225;n trưởng,//vietstock.vn/2025/07/abb-tai-bo-nhiem-ong-bui-quoc-viet-giu-chuc-danh-ke-toan-truong-214-1325088.htm
ABB,03/07/2025,Cổ phiếu ng&#226;n h&#224;ng “thăng hoa” trong th&#225;ng 6,//vietstock.vn/2025/07/co-phieu-ngan-hang-thang-hoa-trong-thang-6-830-1324632.htm
ABB,03/07/2025,ABB: Nghị quyết Hội đồng quản trị,//vietstock.vn/2025/07/abb-nghi-quyet-hoi-dong-quan-tri-737-1324777.htm
ABB,25/06/2025,CBTT về việc đăng k&#253; giao dịch tr&#225;i phiếu ABB12509 của Ng&#226;n h&#224;ng TMCP An B&#236;nh (ABBANK),//vietstock.vn/2025/06/cbtt-ve-viec-dang-ky-giao-dich-trai-phieu-abb12509-cua-ngan-hang-tmcp-an-binh-abbank-3118-1321502.htm
ACL,26/12/2025,ACL: Th&#244;ng b&#225;o ng&#224;y ĐKCC chi trả cổ tức năm 2025 bằng tiền,//vietstock.vn/2025/12/acl-thong-bao-ngay-dkcc-chi-tra-co-tuc-nam-2025-bang-tien-738-1385290.htm
ACL,23/12/2025,ACL: Nghị quyết HĐQT về việc chi trả cổ tức năm 2025,//vietstock.vn/2025/12/acl-nghi-quyet-hdqt-ve-viec-chi-tra-co-tuc-nam-2025-737-1383879.htm
ACL,27/10/2025,ACL: Giải tr&#236;nh biến động LNST tr&#234;n BCTC qu&#253; 3/2025 so với c&#249;ng kỳ năm trước,//vietstock.vn/2025/10/acl-giai-trinh-bien-dong-lnst-tren-bctc-quy-3-2025-so-voi-cung-ky-nam-truoc-737-1365863.htm
ACL,27/10/2025,ACL: BCTC Hợp nhất qu&#253; 3 năm 2025,//vietstock.vn/2025/10/acl-bctc-hop-nhat-quy-3-nam-2025-737-1365835.htm
ACL,27/10/2025,ACL: BCTC qu&#253; 3 năm 2025,//vietstock.vn/2025/10/acl-bctc-quy-3-nam-2025-737-1365836.htm
ACL,16/09/2025,ACL: Giấy chứng nhận đăng k&#253; doanh nghiệp thay đổi lần thứ 10,//vietstock.vn/2025/09/acl-giay-chung-nhan-dang-ky-doanh-nghiep-thay-doi-lan-thu-10-737-1352748.htm
ACL,27/08/2025,ACL: Giải tr&#236;nh biến động LNST tr&#234;n BCTC so&#225;t x&#233;t b&#225;n ni&#234;n 2025 so với c&#249;ng kỳ năm trước,//vietstock.vn/2025/08/acl-giai-trinh-bien-dong-lnst-tren-bctc-soat-xet-ban-nien-2025-so-voi-cung-ky-nam-truoc-737-1346422.htm
ACL,27/08/2025,ACL: BCTC Hợp nhất 6 th&#225;ng đầu năm 2025,//vietstock.vn/2025/08/acl-bctc-hop-nhat-6-thang-dau-nam-2025-737-1346415.htm
ACL,27/08/2025,ACL: BCTC 6 th&#225;ng đầu năm 2025,//vietstock.vn/2025/08/acl-bctc-6-thang-dau-nam-2025-737-1346416.htm
ACL,29/07/2025,ACL: Giải tr&#236;nh ch&#234;nh lệch LNST qu&#253; 2/2025 so với c&#249;ng kỳ năm trước,//vietstock.vn/2025/07/acl-giai-trinh-chenh-lech-lnst-quy-2-2025-so-voi-cung-ky-nam-truoc-830-1334127.htm
ACL,28/07/2025,ACL: B&#225;o c&#225;o t&#236;nh h&#236;nh quản trị c&#244;ng ty 06 th&#225;ng đầu năm 2025,//vietstock.vn/2025/07/acl-bao-cao-tinh-hinh-quan-tri-cong-ty-06-thang-dau-nam-2025-737-1333802.htm
ACL,28/07/2025,ACL: BCTC Hợp nhất qu&#253; 2 năm 2025,//vietstock.vn/2025/07/acl-bctc-hop-nhat-quy-2-nam-2025-737-1334113.htm
ACL,28/07/2025,ACL: BCTC qu&#253; 2 năm 2025,//vietstock.vn/2025/07/acl-bctc-quy-2-nam-2025-737-1334114.htm
ACL,18/07/2025,ACL: Nghị quyết HĐQT về việc bổ nhiệm chức vụ Ph&#243; TGĐ,//vietstock.vn/2025/07/acl-nghi-quyet-hdqt-ve-viec-bo-nhiem-chuc-vu-pho-tgd-737-1329773.htm
ACL,01/07/2025,IR Awards 2025: 460 doanh nghiệp ni&#234;m yết ho&#224;n th&#224;nh tốt nghĩa vụ c&#244;ng bố th&#244;ng tin năm 2025,//vietstock.vn/2025/07/ir-awards-2025-460-doanh-nghiep-niem-yet-hoan-thanh-tot-nghia-vu-cong-bo-thong-tin-nam-2025-830-1323066.htm
ACL,24/06/2025,ACL: Th&#244;ng b&#225;o về việc k&#253; hợp đồng kiểm to&#225;n BCTC năm 2025,//vietstock.vn/2025/06/acl-thong-bao-ve-viec-ky-hop-dong-kiem-toan-bctc-nam-2025-737-1321248.htm
ACL,28/04/2025,ACL: BCTC qu&#253; 1 năm 2025,//vietstock.vn/2025/04/acl-bctc-quy-1-nam-2025-737-1303042.htm
ACL,28/04/2025,ACL: BCTC Hợp nhất qu&#253; 1 năm 2025,//vietstock.vn/2025/04/acl-bctc-hop-nhat-quy-1-nam-2025-737-1303043.htm
ACL,24/04/2025,ACL: Bi&#234;n bản họp v&#224; Nghị quyết ĐHĐCĐ thường ni&#234;n năm 2025,//vietstock.vn/2025/04/acl-bien-ban-hop-va-nghi-quyet-dhdcd-thuong-nien-nam-2025-737-1300783.htm
ACL,24/04/2025,ACL: Nghị quyết v&#224; Bi&#234;n bản họp ĐHĐCĐ thường ni&#234;n năm 2025,//vietstock.vn/2025/04/acl-nghi-quyet-va-bien-ban-hop-dhdcd-thuong-nien-nam-2025-737-1300757.htm
ACL,15/04/2025,ACL: B&#225;o c&#225;o thường ni&#234;n năm 2024,//vietstock.vn/2025/04/acl-bao-cao-thuong-nien-nam-2024-737-1295713.htm
ACL,02/04/2025,ACL: Th&#244;ng b&#225;o t&#224;i liệu họp ĐHĐCĐ thường ni&#234;n năm 2025,//vietstock.vn/2025/04/acl-thong-bao-tai-lieu-hop-dhdcd-thuong-nien-nam-2025-737-1290129.htm
ACL,28/03/2025,ACL: Th&#244;ng b&#225;o mời họp ĐHĐCĐ thường ni&#234;n năm 2025,//vietstock.vn/2025/03/acl-thong-bao-moi-hop-dhdcd-thuong-nien-nam-2025-737-1287485.htm
ACL,28/03/2025,ACL: BCTC năm 2024,//vietstock.vn/2025/03/acl-bctc-nam-2024-737-1287531.htm
ACL,28/03/2025,ACL: BCTC Hợp nhất năm 2024,//vietstock.vn/2025/03/acl-bctc-hop-nhat-nam-2024-737-1287532.htm
ACL,18/02/2025,ACL: Th&#244;ng b&#225;o ng&#224;y ĐKCC để thực hiện quyền tham dự ĐHCĐ thường ni&#234;n năm 2025,//vietstock.vn/2025/02/acl-thong-bao-ngay-dkcc-de-thuc-hien-quyen-tham-du-dhcd-thuong-nien-nam-2025-830-1272616.htm
ACL,14/02/2025,ACL: Nghị quyết HĐQT về việc triệu tập ĐHĐCĐ thường ni&#234;n 2025,//vietstock.vn/2025/02/acl-nghi-quyet-hdqt-ve-viec-trieu-tap-dhdcd-thuong-nien-2025-737-1272040.htm
ACL,13/02/2025,ACL: Nghị quyết HĐQT số 01 ng&#224;y 13/02/2025,//vietstock.vn/2025/02/acl-nghi-quyet-hdqt-so-01-ngay-13-02-2025-737-1271635.htm
ACL,24/01/2025,ACL: B&#225;o c&#225;o t&#236;nh h&#236;nh quản trị c&#244;ng ty năm 2024,//vietstock.vn/2025/01/acl-bao-cao-tinh-hinh-quan-tri-cong-ty-nam-2024-737-1265955.htm
ACL,24/01/2025,ACL: BCTC qu&#253; 4 năm 2024,//vietstock.vn/2025/01/acl-bctc-quy-4-nam-2024-737-1266003.htm
ACL,24/01/2025,ACL: BCTC Hợp nhất qu&#253; 4 năm 2024,//vietstock.vn/2025/01/acl-bctc-hop-nhat-quy-4-nam-2024-737-1266004.htm
ACL,29/11/2024,ACL: Nghị quyết HĐQT về việc th&#244;ng qua KQKD 9 th&#225;ng năm 2024,//vietstock.vn/2024/11/acl-nghi-quyet-hdqt-ve-viec-thong-qua-kqkd-9-thang-nam-2024-737-1249087.htm
ACL,29/10/2024,ACL: BCTC Hợp nhất qu&#253; 3 năm 2024,//vietstock.vn/2024/10/acl-bctc-hop-nhat-quy-3-nam-2024-737-1240763.htm
ACL,29/10/2024,ACL: BCTC qu&#253; 3 năm 2024,//vietstock.vn/2024/10/acl-bctc-quy-3-nam-2024-737-1240764.htm
ACL,28/08/2024,ACL: Giải tr&#236;nh ch&#234;nh lệch LNST BCTC so&#225;t x&#233;t b&#225;n ni&#234;n năm 2024 so với c&#249;ng kỳ năm trước,//vietstock.vn/2024/08/acl-giai-trinh-chenh-lech-lnst-bctc-soat-xet-ban-nien-nam-2024-so-voi-cung-ky-nam-truoc-737-1223694.htm
ACL,28/08/2024,ACL: BCTC qu&#253; 2 năm 2024,//vietstock.vn/2024/08/acl-bctc-quy-2-nam-2024-737-1223742.htm
ACL,28/08/2024,ACL: BCTC Hợp nhất qu&#253; 2 năm 2024,//vietstock.vn/2024/08/acl-bctc-hop-nhat-quy-2-nam-2024-737-1223743.htm
ACL,29/07/2024,ACL: BCTC Hợp nhất qu&#253; 2 năm 2024,//vietstock.vn/2024/07/acl-bctc-hop-nhat-quy-2-nam-2024-737-1212968.htm
ACL,29/07/2024,ACL: BCTC qu&#253; 2 năm 2024,//vietstock.vn/2024/07/acl-bctc-quy-2-nam-2024-737-1212969.htm
ACL,26/07/2024,ACL: B&#225;o c&#225;o t&#236;nh h&#236;nh quản trị c&#244;ng ty 6 th&#225;ng đầu năm 2024,//vietstock.vn/2024/07/acl-bao-cao-tinh-hinh-quan-tri-cong-ty-6-thang-dau-nam-2024-737-1211976.htm
ACL,01/07/2024,"IR Awards 2024: 424 doanh nghiệp ni&#234;m yết thực hiện tốt c&#225;c ti&#234;u chuẩn c&#244;ng bố th&#244;ng tin, tỷ lệ tăng mạnh l&#234;n mức 60%",//vietstock.vn/2024/07/ir-awards-2024-424-doanh-nghiep-niem-yet-thuc-hien-tot-cac-tieu-chuan-cong-bo-thong-tin-ty-le-tang-manh-len-muc-60-830-1203100.htm
ACL,20/06/2024,ACL: Th&#244;ng b&#225;o k&#253; hợp đồng kiểm to&#225;n BCTC 2024,//vietstock.vn/2024/06/acl-thong-bao-ky-hop-dong-kiem-toan-bctc-2024-737-1200408.htm
ACL,15/05/2024,ACL: Nghị quyết v&#224; Bi&#234;n bản họp ĐHĐCĐ thường ni&#234;n năm 2024,//vietstock.vn/2024/05/acl-nghi-quyet-va-bien-ban-hop-dhdcd-thuong-nien-nam-2024-737-1190213.htm
ACL,15/05/2024,ACL: CBTT về việc miễn nhiệm v&#224; bầu bổ sung nh&#226;n sự vị tr&#237; Th&#224;nh vi&#234;n HĐQT v&#224; Th&#224;nh vi&#234;n Ban kiểm to&#225;n nội bộ C&#244;ng ty,//vietstock.vn/2024/05/acl-cbtt-ve-viec-mien-nhiem-va-bau-bo-sung-nhan-su-vi-tri-thanh-vien-hdqt-va-thanh-vien-ban-kiem-toan-noi-bo-cong-ty-214-1190215.htm
ACL,19/04/2024,ACL: CBTT T&#224;i liệu họp ĐHĐCĐ thường ni&#234;n năm 2024,//vietstock.vn/2024/04/acl-cbtt-tai-lieu-hop-dhdcd-thuong-nien-nam-2024-737-1180444.htm
ACL,19/04/2024,ACL: BCTC Hợp nhất qu&#253; 1 năm 2024,//vietstock.vn/2024/04/acl-bctc-hop-nhat-quy-1-nam-2024-737-1180229.htm
ACL,19/04/2024,ACL: BCTC qu&#253; 1 năm 2024,//vietstock.vn/2024/04/acl-bctc-quy-1-nam-2024-737-1180230.htm
ACL,15/04/2024,ACL: C&#244;ng bố B&#225;o c&#225;o thường ni&#234;n 2023,//vietstock.vn/2024/04/acl-cong-bo-bao-cao-thuong-nien-2023-737-1178590.htm
ACL,28/03/2024,ACL: BCTC năm 2023,//vietstock.vn/2024/03/acl-bctc-nam-2023-737-1170097.htm
ACL,28/03/2024,ACL: BCTC Hợp nhất năm 2023,//vietstock.vn/2024/03/acl-bctc-hop-nhat-nam-2023-737-1170098.htm
ACL,05/03/2024,ACL: Th&#244;ng b&#225;o về ng&#224;y ĐKCC tham dự ĐHĐCĐ thường ni&#234;n 2024,//vietstock.vn/2024/03/acl-thong-bao-ve-ngay-dkcc-tham-du-dhdcd-thuong-nien-2024-737-1161446.htm
ACL,28/02/2024,ACL: CBTT Nghị quyết HĐQT về việc gia hạn tổ chức ĐHĐCĐ thường ni&#234;n 2024,//vietstock.vn/2024/02/acl-cbtt-nghi-quyet-hdqt-ve-viec-gia-han-to-chuc-dhdcd-thuong-nien-2024-737-1159584.htm
ACL,30/01/2024,"L&#227;i r&#242;ng 2023 của ACL rơi 90%, bị nợ xấu gần 19 tỷ đồng",//vietstock.vn/2024/01/lai-rong-2023-cua-acl-roi-90-bi-no-xau-gan-19-ty-dong-737-1151679.htm
ACL,29/01/2024,ACL: BCTC Hợp nhất qu&#253; 4 năm 2023,//vietstock.vn/2024/01/acl-bctc-hop-nhat-quy-4-nam-2023-737-1151651.htm
ACL,29/01/2024,ACL: BCTC qu&#253; 4 năm 2023,//vietstock.vn/2024/01/acl-bctc-quy-4-nam-2023-737-1151652.htm
ACL,25/01/2024,ACL: B&#225;o c&#225;o t&#236;nh h&#236;nh quản trị C&#244;ng ty năm 2023,//vietstock.vn/2024/01/acl-bao-cao-tinh-hinh-quan-tri-cong-ty-nam-2023-737-1150512.htm
ACL,07/12/2023,ACL: Bổ nhiệm &#212;ng Nguyễn Xu&#226;n Hải giữ chức Ph&#243; Tổng Gi&#225;m Đốc,//vietstock.vn/2023/12/acl-bo-nhiem-ong-nguyen-xuan-hai-giu-chuc-pho-tong-giam-doc-214-1127435.htm
ACL,27/10/2023,ACL: BCTC qu&#253; 3 năm 2023,//vietstock.vn/2023/10/acl-bctc-quy-3-nam-2023-737-1117921.htm
ACL,27/10/2023,ACL: BCTC Hợp nhất qu&#253; 3 năm 2023,//vietstock.vn/2023/10/acl-bctc-hop-nhat-quy-3-nam-2023-737-1117922.htm
ACL,05/09/2023,Em trai Chủ tịch ACL b&#225;n được 1 triệu cp trong số 1.3 triệu cp đăng k&#253;,//vietstock.vn/2023/09/em-trai-chu-tich-acl-ban-duoc-1-trieu-cp-trong-so-13-trieu-cp-dang-ky-739-1104929.htm
ACL,05/09/2023,ACL: B&#225;o c&#225;o kết quả giao dịch cổ phiếu của người c&#243; li&#234;n quan đến người nội bộ Trần Tuấn Nam,//vietstock.vn/2023/09/acl-bao-cao-ket-qua-giao-dich-co-phieu-cua-nguoi-co-lien-quan-den-nguoi-noi-bo-tran-tuan-nam-739-1104829.htm
ACL,28/08/2023,ACL: BCTC Hợp nhất qu&#253; 2 năm 2023,//vietstock.vn/2023/08/acl-bctc-hop-nhat-quy-2-nam-2023-737-1102679.htm
ACL,28/08/2023,ACL: BCTC qu&#253; 2 năm 2023,//vietstock.vn/2023/08/acl-bctc-quy-2-nam-2023-737-1102680.htm
ACL,02/08/2023,Em trai Chủ tịch đăng k&#253; b&#225;n hơn 1.3 triệu cp sau khi ACL b&#225;o l&#227;i qu&#253; 2 giảm 87%,//vietstock.vn/2023/08/em-trai-chu-tich-dang-ky-ban-hon-13-trieu-cp-sau-khi-acl-bao-lai-quy-2-giam-87-739-1095347.htm
ACL,01/08/2023,ACL: Th&#244;ng b&#225;o giao dịch cổ phiếu của người c&#243; li&#234;n quan đến Người nội bộ Trần Tuấn Nam,//vietstock.vn/2023/08/acl-thong-bao-giao-dich-co-phieu-cua-nguoi-co-lien-quan-den-nguoi-noi-bo-tran-tuan-nam-739-1095011.htm
ACL,31/07/2023,ACL: BCTC qu&#253; 2 năm 2023,//vietstock.vn/2023/07/acl-bctc-quy-2-nam-2023-737-1093713.htm
ACL,31/07/2023,ACL: BCTC Hợp nhất qu&#253; 2 năm 2023,//vietstock.vn/2023/07/acl-bctc-hop-nhat-quy-2-nam-2023-737-1093714.htm
ACL,26/07/2023,ACL: B&#225;o c&#225;o t&#236;nh h&#236;nh quản trị c&#244;ng ty 6 th&#225;ng đầu năm 2023,//vietstock.vn/2023/07/acl-bao-cao-tinh-hinh-quan-tri-cong-ty-6-thang-dau-nam-2023-737-1091766.htm
ACL,20/07/2023,IR AWARDS 2023: Giới thiệu CTCP Xuất nhập khẩu Thủy sản Cửu Long An Giang (HOSE: ACL),//vietstock.vn/2023/07/ir-awards-2023-gioi-thieu-ctcp-xuat-nhap-khau-thuy-san-cuu-long-an-giang-hose-acl-830-1087889.htm
ACL,20/07/2023,IR Awards 2023: Ch&#237;nh thức mở B&#236;nh chọn IR từ h&#244;m nay,//vietstock.vn/2023/07/ir-awards-2023-chinh-thuc-mo-binh-chon-ir-tu-hom-nay-830-1089261.htm
ACL,10/07/2023,IR Awards 2023: C&#244;ng bố 45 doanh nghiệp ni&#234;m yết xuất sắc v&#224;o v&#242;ng b&#236;nh chọn IR,//vietstock.vn/2023/07/ir-awards-2023-cong-bo-45-doanh-nghiep-niem-yet-xuat-sac-vao-vong-binh-chon-ir-830-1085728.htm
ACL,23/06/2023,IR Awards 2023: Hoạt động c&#244;ng bố th&#244;ng tin của nh&#243;m Mid Cap c&#243; sự cải thiện,//vietstock.vn/2023/06/ir-awards-2023-hoat-dong-cong-bo-thong-tin-cua-nhom-mid-cap-co-su-cai-thien-830-1080316.htm
ACL,20/06/2023,IR Awards 2023: 364 doanh nghiệp ni&#234;m yết ho&#224;n th&#224;nh tốt nghĩa vụ c&#244;ng bố th&#244;ng tin năm 2023,//vietstock.vn/2023/06/ir-awards-2023-364-doanh-nghiep-niem-yet-hoan-thanh-tot-nghia-vu-cong-bo-thong-tin-nam-2023-830-1080315.htm
ACL,15/06/2023,ACL: Th&#244;ng b&#225;o k&#253; kết hợp đồng kiểm to&#225;n BCTC 2023,//vietstock.vn/2023/06/acl-thong-bao-ky-ket-hop-dong-kiem-toan-bctc-2023-737-1079343.htm
ACL,08/06/2023,ACL: B&#225;o c&#225;o kết quả giao dịch cổ phiếu của Người nội bộ Trần Tuấn Khanh,//vietstock.vn/2023/06/acl-bao-cao-ket-qua-giao-dich-co-phieu-cua-nguoi-noi-bo-tran-tuan-khanh-739-1077668.htm
ACL,01/06/2023,Chủ tịch v&#224; người nh&#224; t&#237;ch cực giao dịch cổ phiếu ACL,//vietstock.vn/2023/06/chu-tich-va-nguoi-nha-tich-cuc-giao-dich-co-phieu-acl-739-1075965.htm
ACL,01/06/2023,ACL: B&#225;o c&#225;o kết quả giao dịch cổ phiếu của NNB - Trần Thị V&#226;n Loan,//vietstock.vn/2023/06/acl-bao-cao-ket-qua-giao-dich-co-phieu-cua-nnb-tran-thi-van-loan-739-1075891.htm
ACL,30/05/2023,ACL: B&#225;o c&#225;o kết quả giao dịch cổ phiếu của NCLQ NNB - Trần Minh Nhựt,//vietstock.vn/2023/05/acl-bao-cao-ket-qua-giao-dich-co-phieu-cua-nclq-nnb-tran-minh-nhut-739-1075082.htm
ACL,18/05/2023,ACL: Th&#244;ng b&#225;o giao dịch cổ phiếu của người nội bộ Trần Thị V&#226;n Loan,//vietstock.vn/2023/05/acl-thong-bao-giao-dich-co-phieu-cua-nguoi-noi-bo-tran-thi-van-loan-830-1072010.htm
ACL,17/05/2023,ACL: Th&#244;ng b&#225;o giao dịch cổ phiếu của người c&#243; li&#234;n quan đến người nội bộ Trần Minh Nhựt,//vietstock.vn/2023/05/acl-thong-bao-giao-dich-co-phieu-cua-nguoi-co-lien-quan-den-nguoi-noi-bo-tran-minh-nhut-739-1071834.htm
ACL,04/05/2023,ACL: Th&#244;ng b&#225;o giao dịch cổ phiếu của người nội bộ Trần Tuấn Khanh,//vietstock.vn/2023/05/acl-thong-bao-giao-dich-co-phieu-cua-nguoi-noi-bo-tran-tuan-khanh-830-1067613.htm
ACL,25/04/2023,ACL: BCTC Hợp nhất qu&#253; 1 năm 2023,//vietstock.vn/2023/04/acl-bctc-hop-nhat-quy-1-nam-2023-737-1064370.htm
ACL,25/04/2023,ACL: BCTC qu&#253; 1 năm 2023,//vietstock.vn/2023/04/acl-bctc-quy-1-nam-2023-737-1064371.htm
ACL,24/04/2023,ACL: Bổ nhiệm B&#224; Lại Ngọc Kim Nhung giữ chức danh Tổng Gi&#225;m đốc thay thế cho &#212;ng Nguyễn Xu&#226;n Hải,//vietstock.vn/2023/04/acl-bo-nhiem-ba-lai-ngoc-kim-nhung-giu-chuc-danh-tong-giam-doc-thay-the-cho-ong-nguyen-xuan-hai-214-1063668.htm
ACL,13/04/2023,ACL: B&#225;o c&#225;o thường ni&#234;n năm 2022,//vietstock.vn/2023/04/acl-bao-cao-thuong-nien-nam-2022-737-1059560.htm
ACL,13/04/2023,"ACL: CBTT về việc bổ nhiệm nh&#226;n sự, c&#225;n bộ chủ chốt quản trị c&#244;ng ty nhiệm kỳ 2023 - 2027",//vietstock.vn/2023/04/acl-cbtt-ve-viec-bo-nhiem-nhan-su-can-bo-chu-chot-quan-tri-cong-ty-nhiem-ky-2023-2027-214-1059223.htm
ACL,12/04/2023,"ACL: Nghị quyết, bi&#234;n bản họp v&#224; t&#224;i liệu ĐHĐCĐ thường ni&#234;n năm 2023",//vietstock.vn/2023/04/acl-nghi-quyet-bien-ban-hop-va-tai-lieu-dhdcd-thuong-nien-nam-2023-737-1058887.htm
ACL,29/03/2023,ACL: CBTT danh s&#225;ch ứng cử vi&#234;n Th&#224;nh vi&#234;n HĐQT v&#224; Ban kiểm so&#225;t nhiệm kỳ 2023 - 2027,//vietstock.vn/2023/03/acl-cbtt-danh-sach-ung-cu-vien-thanh-vien-hdqt-va-ban-kiem-soat-nhiem-ky-2023-2027-214-1053109.htm
ACL,28/03/2023,ACL: Giải tr&#236;nh ch&#234;nh lệch lợi nhuận sau thuế năm 2022 kiểm to&#225;n so với năm 2021,//vietstock.vn/2023/03/acl-giai-trinh-chenh-lech-loi-nhuan-sau-thue-nam-2022-kiem-toan-so-voi-nam-2021-737-1052273.htm
ACL,28/03/2023,ACL: BCTC Hợp nhất năm 2022,//vietstock.vn/2023/03/acl-bctc-hop-nhat-nam-2022-737-1052302.htm
ACL,28/03/2023,ACL: BCTC năm 2022,//vietstock.vn/2023/03/acl-bctc-nam-2022-737-1052303.htm
ACL,21/03/2023,ACL: Th&#244;ng b&#225;o ng&#224;y ĐKCC tạm ứng cổ tức lần 01 năm 2022 bằng tiền,//vietstock.vn/2023/03/acl-thong-bao-ngay-dkcc-tam-ung-co-tuc-lan-01-nam-2022-bang-tien-738-1049917.htm
ACL,20/03/2023,ACL: T&#224;i liệu họp ĐHĐCĐ thường ni&#234;n năm 2023,//vietstock.vn/2023/03/acl-tai-lieu-hop-dhdcd-thuong-nien-nam-2023-737-1049709.htm
ACL,17/03/2023,ACL: Bổ sung nghị quyết HĐQT số 03 v&#224; 04 năm 2022,//vietstock.vn/2023/03/acl-bo-sung-nghi-quyet-hdqt-so-03-va-04-nam-2022-737-1050243.htm
ACL,17/03/2023,ACL: Bổ sung nghị quyết HĐQT số 02 v&#224; 03 năm 2022,//vietstock.vn/2023/03/acl-bo-sung-nghi-quyet-hdqt-so-02-va-03-nam-2022-737-1049181.htm
ACL,16/03/2023,ACL: Nghị quyết HĐQT tạm ứng cổ tức đợt 1 năm 2022,//vietstock.vn/2023/03/acl-nghi-quyet-hdqt-tam-ung-co-tuc-dot-1-nam-2022-737-1048809.htm
ACL,06/03/2023,ACL: B&#225;o c&#225;o kết quả giao dịch cổ phiếu của NCLQ NNB - Trần Minh Nhựt,//vietstock.vn/2023/03/acl-bao-cao-ket-qua-giao-dich-co-phieu-cua-nclq-nnb-tran-minh-nhut-739-1045224.htm
ACL,14/02/2023,ACL: Th&#244;ng b&#225;o về ng&#224;y ĐKCC tổ chức ĐHĐCĐ thường ni&#234;n năm 2023,//vietstock.vn/2023/02/acl-thong-bao-ve-ngay-dkcc-to-chuc-dhdcd-thuong-nien-nam-2023-737-1039339.htm
ACL,09/02/2023,ACL: Nghị quyết HĐQT về việc chốt danh s&#225;ch cổ đ&#244;ng tham dự ĐHĐCĐ thường ni&#234;n năm 2023,//vietstock.vn/2023/02/acl-nghi-quyet-hdqt-ve-viec-chot-danh-sach-co-dong-tham-du-dhdcd-thuong-nien-nam-2023-737-1038526.htm
ACL,07/02/2023,ACL: Th&#244;ng b&#225;o giao dịch cổ phiếu của người c&#243; li&#234;n quan đến người nội bộ Trần Minh Nhựt,//vietstock.vn/2023/02/acl-thong-bao-giao-dich-co-phieu-cua-nguoi-co-lien-quan-den-nguoi-noi-bo-tran-minh-nhut-739-1037649.htm
AGG,31/12/2025,AGG: Quyết định của HĐQT th&#244;ng qua việc k&#253; kết hợp đồng với C&#244;ng ty TNHH X&#226;y dựng Kinh doanh Dịch vụ Thương mại Đ&#244;ng Nam,//vietstock.vn/2025/12/agg-quyet-dinh-cua-hdqt-thong-qua-viec-ky-ket-hop-dong-voi-cong-ty-tnhh-xay-dung-kinh-doanh-dich-vu-thuong-mai-dong-nam-830-1386970.htm
AGG,31/12/2025,AGG: Quyết định của HĐQT th&#244;ng qua việc bổ nhiệm chức danh Trường Kiểm to&#225;n nội bộ,//vietstock.vn/2025/12/agg-quyet-dinh-cua-hdqt-thong-qua-viec-bo-nhiem-chuc-danh-truong-kiem-toan-noi-bo-737-1386969.htm
AGG,26/12/2025,AGG: Quyết định của HĐQT về việc mua th&#234;m cổ phần phổ th&#244;ng do AGI &amp; HRS ph&#225;t h&#224;nh,//vietstock.vn/2025/12/agg-quyet-dinh-cua-hdqt-ve-viec-mua-them-co-phan-pho-thong-do-agi-hrs-phat-hanh-739-1385163.htm
AGG,25/12/2025,AGG: Nghị quyết HĐQT về việc nhận cấp t&#237;n dụng tại VCB Chi nh&#225;nh Thủ Thi&#234;m,//vietstock.vn/2025/12/agg-nghi-quyet-hdqt-ve-viec-nhan-cap-tin-dung-tai-vcb-chi-nhanh-thu-thiem-737-1384892.htm
AGG,08/12/2025,Giải ph&#225;p gi&#250;p nh&#224; đầu tư địa ốc “n&#233;” l&#227;i vay thả nổi 12-15%/năm,//vietstock.vn/2025/12/giai-phap-giup-nha-dau-tu-dia-oc-ne-lai-vay-tha-noi-12-15nam-4222-1379113.htm
AGG,26/11/2025,“Của để d&#224;nh” doanh nghiệp bất động sản tăng 59% sau 9 th&#225;ng,//vietstock.vn/2025/11/cua-de-danh-doanh-nghiep-bat-dong-san-tang-59-sau-9-thang-737-1373931.htm
AGG,24/10/2025,AGG: Giải tr&#236;nh biến động KQKD qu&#253; 3/2025 so với c&#249;ng kỳ năm trước,//vietstock.vn/2025/10/agg-giai-trinh-bien-dong-kqkd-quy-3-2025-so-voi-cung-ky-nam-truoc-737-1365347.htm
AGG,24/10/2025,AGG: BCTC qu&#253; 3 năm 2025,//vietstock.vn/2025/10/agg-bctc-quy-3-nam-2025-737-1365320.htm
AGG,24/10/2025,AGG: BCTC Hợp nhất qu&#253; 3 năm 2025,//vietstock.vn/2025/10/agg-bctc-hop-nhat-quy-3-nam-2025-737-1365321.htm
AGG,22/10/2025,AGG: Nghị quyết HĐQT về việc miễn nhiệm Trưởng Ban KTNB,//vietstock.vn/2025/10/agg-nghi-quyet-hdqt-ve-viec-mien-nhiem-truong-ban-ktnb-737-1364019.htm
AGG,08/10/2025,AGG: Đ&#237;nh ch&#237;nh một số nội dung B&#225;o c&#225;o t&#236;nh h&#236;nh quản trị c&#244;ng ty 06 th&#225;ng đầu năm 2022. 2023. 2024 v&#224; B&#225;o c&#225;o t&#236;nh h&#236;nh quản trị c&#244;ng ty năm 2022. 2023,//vietstock.vn/2025/10/agg-dinh-chinh-mot-so-noi-dung-bao-cao-tinh-hinh-quan-tri-cong-ty-06-thang-dau-nam-2022-2023-2024-va-bao-cao-tinh-hinh-quan-tri-cong-ty-nam-2022-2023-737-1359707.htm
AGG,29/09/2025,An Gia (AGG) đưa m&#244; h&#236;nh Ng&#244;i trường Hạnh ph&#250;c về dự &#225;n The Gi&#243; Riverside,//vietstock.vn/2025/09/an-gia-agg-dua-mo-hinh-ngoi-truong-hanh-phuc-ve-du-an-the-gio-riverside-4222-1355931.htm
AGG,22/09/2025,Loạt ưu đ&#227;i t&#224;i ch&#237;nh gi&#250;p người trẻ an cư tại The Gi&#243; Riverside,//vietstock.vn/2025/09/loat-uu-dai-tai-chinh-giup-nguoi-tre-an-cu-tai-the-gio-riverside-4222-1353958.htm
AGG,09/09/2025,An Gia (AGG) ra mắt t&#242;a th&#225;p biểu tượng của dự &#225;n The Gi&#243; Riverside,//vietstock.vn/2025/09/an-gia-agg-ra-mat-toa-thap-bieu-tuong-cua-du-an-the-gio-riverside-4222-1350281.htm
AGG,03/09/2025,AGG: Giải tr&#236;nh biến động KQKD 6 th&#225;ng đầu năm 2025 đ&#227; so&#225;t x&#233;t so với c&#249;ng kỳ năm trước,//vietstock.vn/2025/09/agg-giai-trinh-bien-dong-kqkd-6-thang-dau-nam-2025-da-soat-xet-so-voi-cung-ky-nam-truoc-737-1348308.htm
AGG,03/09/2025,Soi “của để d&#224;nh” doanh nghiệp bất động sản sau nửa đầu năm,//vietstock.vn/2025/09/soi-cua-de-danh-doanh-nghiep-bat-dong-san-sau-nua-dau-nam-737-1347768.htm
AGG,29/08/2025,AGG: BCTC Hợp nhất 6 th&#225;ng đầu năm 2025,//vietstock.vn/2025/08/agg-bctc-hop-nhat-6-thang-dau-nam-2025-737-1348256.htm
AGG,29/08/2025,AGG: BCTC 6 th&#225;ng đầu năm 2025,//vietstock.vn/2025/08/agg-bctc-6-thang-dau-nam-2025-737-1348257.htm
AGG,27/08/2025,Nợ vay doanh nghiệp bất động sản tr&#234;n s&#224;n tăng gần 14% sau nửa đầu năm,//vietstock.vn/2025/08/no-vay-doanh-nghiep-bat-dong-san-tren-san-tang-gan-14-sau-nua-dau-nam-737-1345100.htm
AGG,18/08/2025,L&#227;i r&#242;ng doanh nghiệp bất động sản nửa đầu năm gấp rưỡi c&#249;ng kỳ,//vietstock.vn/2025/08/lai-rong-doanh-nghiep-bat-dong-san-nua-dau-nam-gap-ruoi-cung-ky-737-1342612.htm
AGG,06/08/2025,An Gia l&#227;i qu&#253; 2 gấp hơn 3 lần c&#249;ng kỳ,//vietstock.vn/2025/08/an-gia-lai-quy-2-gap-hon-3-lan-cung-ky-737-1338655.htm
AGG,29/07/2025,AGG: B&#225;o c&#225;o t&#236;nh h&#236;nh quản trị 6 th&#225;ng đầu năm 2025,//vietstock.vn/2025/07/agg-bao-cao-tinh-hinh-quan-tri-6-thang-dau-nam-2025-737-1334199.htm
AGG,29/07/2025,AGG: Giải tr&#236;nh biến động LNST tr&#234;n BCTC qu&#253; 2/2025 so với c&#249;ng kỳ năm trước,//vietstock.vn/2025/07/agg-giai-trinh-bien-dong-lnst-tren-bctc-quy-2-2025-so-voi-cung-ky-nam-truoc-737-1333977.htm
AGG,28/07/2025,AGG: BCTC Hợp nhất qu&#253; 2 năm 2025,//vietstock.vn/2025/07/agg-bctc-hop-nhat-quy-2-nam-2025-737-1333979.htm
AGG,28/07/2025,AGG: BCTC qu&#253; 2 năm 2025,//vietstock.vn/2025/07/agg-bctc-quy-2-nam-2025-737-1333990.htm
AGG,22/07/2025,Mỏi mắt t&#236;m căn hộ dưới 50 triệu đồng/m2 ở những dự &#225;n mới tại B&#236;nh Dương (cũ),//vietstock.vn/2025/07/moi-mat-tim-can-ho-duoi-50-trieu-dongm2-o-nhung-du-an-moi-tai-binh-duong-cu-4220-1330906.htm
AGG,08/07/2025,AGG: Nghị quyết HĐQT về việc lựa chọn c&#244;ng ty kiểm to&#225;n BCTC năm 2025,//vietstock.vn/2025/07/agg-nghi-quyet-hdqt-ve-viec-lua-chon-cong-ty-kiem-toan-bctc-nam-2025-737-1326224.htm
AGG,08/07/2025,AGG: Th&#244;ng b&#225;o về việc k&#253; hợp đồng kiểm to&#225;n BCTC năm 2025,//vietstock.vn/2025/07/agg-thong-bao-ve-viec-ky-hop-dong-kiem-toan-bctc-nam-2025-737-1326222.htm
AGG,26/06/2025,AGG: Nghị quyết HĐQT về việc nhận chuyển nhượng v&#224; chuyển nhượng cổ phần phổ th&#244;ng tại AGI &amp; HSR,//vietstock.vn/2025/06/agg-nghi-quyet-hdqt-ve-viec-nhan-chuyen-nhuong-va-chuyen-nhuong-co-phan-pho-thong-tai-agi-hsr-737-1322095.htm
AGG,26/06/2025,AGG: Nghị quyết HĐQT về việc bảo l&#227;nh khoản vay của CTCP QL v&#224; Ph&#225;t triển Lộc Ph&#225;t,//vietstock.vn/2025/06/agg-nghi-quyet-hdqt-ve-viec-bao-lanh-khoan-vay-cua-ctcp-ql-va-phat-trien-loc-phat-737-1322091.htm
AGG,19/06/2025,AGG: Nghị quyết HĐQT về việc k&#253; kết v&#224; thực hiện hợp đồng hợp t&#225;c kinh doanh với C&#244;ng ty TNHH XDKD Dịch vụ TM Đ&#244;ng Nam,//vietstock.vn/2025/06/agg-nghi-quyet-hdqt-ve-viec-ky-ket-va-thuc-hien-hop-dong-hop-tac-kinh-doanh-voi-cong-ty-tnhh-xdkd-dich-vu-tm-dong-nam-737-1319815.htm
AGG,14/06/2025,Thay đổi m&#244;i trường kinh doanh t&#225;c động ra sao đến An Gia?,//vietstock.vn/2025/06/thay-doi-moi-truong-kinh-doanh-tac-dong-ra-sao-den-an-gia-737-1318151.htm
AGG,09/06/2025,"Loạt hạ tầng “khủng” sắp c&#225;n đ&#237;ch, thị trường địa ốc khu Đ&#244;ng tăng nhiệt",//vietstock.vn/2025/06/loat-ha-tang-khung-sap-can-dich-thi-truong-dia-oc-khu-dong-tang-nhiet-4222-1315886.htm
AGG,02/06/2025,Căn hộ view s&#244;ng The Gi&#243; Riverside - “h&#224;ng hiếm” tại khu Đ&#244;ng,//vietstock.vn/2025/06/can-ho-view-song-the-gio-riverside-hang-hiem-tai-khu-dong-4222-1313875.htm
AGG,30/05/2025,"AGG: Th&#244;ng b&#225;o thay đổi nh&#226;n sự, c&#225;n bộ quản trị C&#244;ng ty",//vietstock.vn/2025/05/agg-thong-bao-thay-doi-nhan-su-can-bo-quan-tri-cong-ty-214-1313719.htm
AGG,30/05/2025,AGG: Nghị quyết HĐQT về việc th&#244;ng qua cơ cấu nh&#226;n sự UBKT nhiệm kỳ 2024-2029,//vietstock.vn/2025/05/agg-nghi-quyet-hdqt-ve-viec-thong-qua-co-cau-nhan-su-ubkt-nhiem-ky-20242029-737-1313695.htm
AGG,30/05/2025,AGG: Nghị quyết HĐQT về việc thay đổi người Phụ tr&#225;ch QTCT,//vietstock.vn/2025/05/agg-nghi-quyet-hdqt-ve-viec-thay-doi-nguoi-phu-trach-qtct-737-1313686.htm
AGG,28/05/2025,An Gia (AGG) ra mắt th&#225;p Gi&#243; Đ&#244;ng dự &#225;n The Gi&#243; Riverside,//vietstock.vn/2025/05/an-gia-agg-ra-mat-thap-gio-dong-du-an-the-gio-riverside-4222-1312621.htm
AGG,23/05/2025,Lợi nhuận doanh nghiệp bất động sản nh&#224; ở trở lại đường đua,//vietstock.vn/2025/05/loi-nhuan-doanh-nghiep-bat-dong-san-nha-o-tro-lai-duong-dua-737-1311181.htm
AGG,19/05/2025,AGG: Th&#244;ng b&#225;o thay đổi nh&#226;n sự - Th&#224;nh vi&#234;n HĐQT nhiệm kỳ 2024 - 2029,//vietstock.vn/2025/05/agg-thong-bao-thay-doi-nhan-su-thanh-vien-hdqt-nhiem-ky-2024-2029-214-1309995.htm
AGG,19/05/2025,"AGG: Nghị quyết, Bi&#234;n bản họp v&#224; t&#224;i liệu ĐHĐCĐ thường ni&#234;n năm 2025",//vietstock.vn/2025/05/agg-nghi-quyet-bien-ban-hop-va-tai-lieu-dhdcd-thuong-nien-nam-2025-737-1309926.htm
AGG,09/05/2025,AGG: Nghị quyết HĐQT về việc điều chỉnh t&#224;i liệu họp ĐHĐCĐ thường ni&#234;n năm 2025,//vietstock.vn/2025/05/agg-nghi-quyet-hdqt-ve-viec-dieu-chinh-tai-lieu-hop-dhdcd-thuong-nien-nam-2025-737-1307044.htm
AGG,29/04/2025,AGG: Giải tr&#236;nh biến động kết quả kinh doanh qu&#253; 1/2025 so với qu&#253; 1/2024,//vietstock.vn/2025/04/agg-giai-trinh-bien-dong-ket-qua-kinh-doanh-quy-1-2025-so-voi-quy-1-2024-737-1303815.htm
AGG,29/04/2025,AGG: BCTC qu&#253; 1 năm 2025,//vietstock.vn/2025/04/agg-bctc-quy-1-nam-2025-737-1303863.htm
AGG,29/04/2025,AGG: BCTC Hợp nhất qu&#253; 1 năm 2025,//vietstock.vn/2025/04/agg-bctc-hop-nhat-quy-1-nam-2025-737-1303864.htm
AGG,26/04/2025,AGG: Nghị quyết HĐQT về việc th&#244;ng qua v&#224; ban h&#224;nh t&#224;i liệu họp ĐHĐCĐ thường ni&#234;n năm 2025,//vietstock.vn/2025/04/agg-nghi-quyet-hdqt-ve-viec-thong-qua-va-ban-hanh-tai-lieu-hop-dhdcd-thuong-nien-nam-2025-737-1302771.htm
AGG,26/04/2025,AGG: Th&#244;ng b&#225;o đơn từ nhiệm th&#224;nh vi&#234;n HĐQT (NK 2024-2029),//vietstock.vn/2025/04/agg-thong-bao-don-tu-nhiem-thanh-vien-hdqt-nk-20242029-214-1301857.htm
AGG,17/04/2025,AGG: B&#225;o c&#225;o thường ni&#234;n năm 2024,//vietstock.vn/2025/04/agg-bao-cao-thuong-nien-nam-2024-737-1296994.htm
AGG,10/04/2025,The Gi&#243; Riverside v&#224; “c&#225;ch mạng thanh to&#225;n” cho người trẻ,//vietstock.vn/2025/04/the-gio-riverside-va-cach-mang-thanh-toan-cho-nguoi-tre-4222-1293484.htm
AGG,09/04/2025,AGG: Nghị quyết HĐQT về việc th&#244;ng qua v&#224; ban h&#224;nh Quy chế hoạt động của UBKT,//vietstock.vn/2025/04/agg-nghi-quyet-hdqt-ve-viec-thong-qua-va-ban-hanh-quy-che-hoat-dong-cua-ubkt-737-1293141.htm
AGG,08/04/2025,Tinh thần “Harmonious Living” tại căn hộ cao cấp ven s&#244;ng The Gi&#243; Riverside,//vietstock.vn/2025/04/tinh-than-harmonious-living-tai-can-ho-cao-cap-ven-song-the-gio-riverside-4222-1292274.htm
AGG,02/04/2025,AGG: Th&#244;ng b&#225;o ng&#224;y ĐKCC tổ chức ĐHĐCĐ thường ni&#234;n năm 2025,//vietstock.vn/2025/04/agg-thong-bao-ngay-dkcc-to-chuc-dhdcd-thuong-nien-nam-2025-737-1289623.htm
AGG,02/04/2025,C&#212;NG TY CỔ PHẦN ĐẦU TƯ V&#192; PH&#193;T TRIỂN BẤT ĐỘNG SẢN AN GIA B&#225;o c&#225;o t&#224;i ch&#237;nh Năm (Kỳ b&#225;o c&#225;o từ 01/01/2024 đến 31/12/2024) năm 2024,//vietstock.vn/2025/04/cong-ty-co-phan-dau-tu-va-phat-trien-bat-dong-san-an-gia-bao-cao-tai-chinh-nam-ky-bao-cao-tu-01-01-2024-den-31-12-2024-nam-2024-3118-1290206.htm
AGG,02/04/2025,C&#212;NG TY CỔ PHẦN ĐẦU TƯ V&#192; PH&#193;T TRIỂN BẤT ĐỘNG SẢN AN GIA B&#225;o c&#225;o t&#236;nh h&#236;nh thanh to&#225;n gốc l&#227;i Năm (Kỳ b&#225;o c&#225;o từ 01/01/2024 đến 31/12/2024) năm 2024,//vietstock.vn/2025/04/cong-ty-co-phan-dau-tu-va-phat-trien-bat-dong-san-an-gia-bao-cao-tinh-hinh-thanh-toan-goc-lai-nam-ky-bao-cao-tu-01-01-2024-den-31-12-2024-nam-2024-3118-1290232.htm
AGG,31/03/2025,AGG: Giải tr&#236;nh biến động KQKD kiểm to&#225;n năm 2024 so với c&#249;ng kỳ năm trước,//vietstock.vn/2025/03/agg-giai-trinh-bien-dong-kqkd-kiem-toan-nam-2024-so-voi-cung-ky-nam-truoc-737-1288369.htm
AGG,31/03/2025,The Gi&#243; Riverside được cấp chứng nhận quyền sử dụng đất,//vietstock.vn/2025/03/the-gio-riverside-duoc-cap-chung-nhan-quyen-su-dung-dat-4222-1287576.htm
AGG,31/03/2025,AGG: BCTC Hợp nhất năm 2024,//vietstock.vn/2025/03/agg-bctc-hop-nhat-nam-2024-737-1288395.htm
AGG,31/03/2025,AGG: BCTC năm 2024,//vietstock.vn/2025/03/agg-bctc-nam-2024-737-1288396.htm
AGG,28/03/2025,AGG: Nghị quyết HĐQT về việc th&#244;ng qua kế hoạch tổ chức họp ĐHĐCĐ thường ni&#234;n 2025,//vietstock.vn/2025/03/agg-nghi-quyet-hdqt-ve-viec-thong-qua-ke-hoach-to-chuc-hop-dhdcd-thuong-nien-2025-737-1287059.htm
AGG,24/03/2025,“H&#233; lộ” cặp hồ bơi v&#244; cực tr&#234;n tầng 40 tại The Gi&#243; Riverside,//vietstock.vn/2025/03/he-lo-cap-ho-boi-vo-cuc-tren-tang-40-tai-the-gio-riverside-4222-1284523.htm
AGG,17/03/2025,B&#236;nh Dương đặt mục ti&#234;u ho&#224;n th&#224;nh n&#250;t giao T&#226;n Vạn cuối năm nay,//vietstock.vn/2025/03/binh-duong-dat-muc-tieu-hoan-thanh-nut-giao-tan-van-cuoi-nam-nay-4222-1281872.htm
AGG,12/03/2025,An Gia (AGG) ch&#237;nh thức ra mắt dự &#225;n The Gi&#243; Riverside tại Đ&#244;ng S&#224;i G&#242;n,//vietstock.vn/2025/03/an-gia-agg-chinh-thuc-ra-mat-du-an-the-gio-riverside-tai-dong-sai-gon-4222-1280274.htm
AGG,04/03/2025,AGG: Nghị quyết HĐQT về việc th&#244;ng qua chủ trương t&#225;ch c&#244;ng ty con l&#224; C&#244;ng ty Cổ phần Đầu tư X&#226;y dựng Du lịch Phước Lộc,//vietstock.vn/2025/03/agg-nghi-quyet-hdqt-ve-viec-thong-qua-chu-truong-tach-cong-ty-con-la-cong-ty-co-phan-dau-tu-xay-dung-du-lich-phuoc-loc-737-1277581.htm
AGG,03/03/2025,An Gia (AGG) hỗ trợ người trẻ an cư tại The Gi&#243; Riverside,//vietstock.vn/2025/03/an-gia-agg-ho-tro-nguoi-tre-an-cu-tai-the-gio-riverside-4222-1276176.htm
AGG,27/02/2025,AGG khởi xướng thương vụ s&#225;p nhập li&#234;n quan dự &#225;n The Gi&#243; Riverside,//vietstock.vn/2025/02/agg-khoi-xuong-thuong-vu-sap-nhap-lien-quan-du-an-the-gio-riverside-737-1275559.htm
AGG,26/02/2025,AGG: Nghị quyết HĐQT về việc th&#244;ng qua s&#225;p nhập c&#244;ng ty li&#234;n kết,//vietstock.vn/2025/02/agg-nghi-quyet-hdqt-ve-viec-thong-qua-sap-nhap-cong-ty-lien-ket-737-1275482.htm
AGG,24/02/2025,N&#250;t giao T&#226;n Vạn v&#224; c&#250; h&#237;ch hạ tầng tỷ đ&#244; tại khu Đ&#244;ng,//vietstock.vn/2025/02/nut-giao-tan-van-va-cu-hich-ha-tang-ty-do-tai-khu-dong-4222-1273923.htm
AGG,20/02/2025,Lợi nhuận doanh nghiệp bất động sản nh&#224; ở giảm gần 20% trong năm 2024,//vietstock.vn/2025/02/loi-nhuan-doanh-nghiep-bat-dong-san-nha-o-giam-gan-20-trong-nam-2024-737-1273002.htm
AGG,19/02/2025,An Gia dừng triển khai kế hoạch ch&#224;o b&#225;n gần 41 triệu cp cho cổ đ&#244;ng hiện hữu,//vietstock.vn/2025/02/an-gia-dung-trien-khai-ke-hoach-chao-ban-gan-41-trieu-cp-cho-co-dong-hien-huu-764-1273308.htm
AGG,19/02/2025,AGG: Nghị quyết HĐQT th&#244;ng qua việc dừng triển khai phương &#225;n ch&#224;o b&#225;n cổ phiếu cho cổ đ&#244;ng hiện hữu,//vietstock.vn/2025/02/agg-nghi-quyet-hdqt-thong-qua-viec-dung-trien-khai-phuong-an-chao-ban-co-phieu-cho-co-dong-hien-huu-737-1273247.htm
AGG,17/02/2025,"An Gia (AGG) hợp t&#225;c hơn 30 đại l&#253; ph&#226;n phối 3,000 căn hộ The Gi&#243; Riverside",//vietstock.vn/2025/02/an-gia-agg-hop-tac-hon-30-dai-ly-phan-phoi-3000-can-ho-the-gio-riverside-737-1271891.htm
AGG,13/02/2025,AGG: Nghị quyết HĐQT về việc ủy quyền cho Ph&#243; TGĐ Nguyễn Mai Giang,//vietstock.vn/2025/02/agg-nghi-quyet-hdqt-ve-viec-uy-quyen-cho-pho-tgd-nguyen-mai-giang-737-1271634.htm
AGG,10/02/2025,An Gia (AGG) v&#224; “bước đi” chiến lược chinh phục thị trường trung cấp,//vietstock.vn/2025/02/an-gia-agg-va-buoc-di-chien-luoc-chinh-phuc-thi-truong-trung-cap-737-1270370.htm
AGG,04/02/2025,"Tồn kho giảm mạnh, l&#227;i r&#242;ng cả năm An Gia tăng 70%",//vietstock.vn/2025/02/ton-kho-giam-manh-lai-rong-ca-nam-an-gia-tang-70-737-1266193.htm
AGG,24/01/2025,AGG: Giải tr&#236;nh biến động KQKD qu&#253; 4/2024 so với c&#249;ng kỳ năm trước,//vietstock.vn/2025/01/agg-giai-trinh-bien-dong-kqkd-quy-4-2024-so-voi-cung-ky-nam-truoc-737-1266364.htm
AGG,24/01/2025,AGG: BCTC Hợp nhất qu&#253; 4 năm 2024,//vietstock.vn/2025/01/agg-bctc-hop-nhat-quy-4-nam-2024-737-1266383.htm
AGG,24/01/2025,AGG: BCTC qu&#253; 4 năm 2024,//vietstock.vn/2025/01/agg-bctc-quy-4-nam-2024-737-1266384.htm
AGG,23/01/2025,AGG: B&#225;o c&#225;o t&#236;nh h&#236;nh quản trị c&#244;ng ty năm 2024,//vietstock.vn/2025/01/agg-bao-cao-tinh-hinh-quan-tri-cong-ty-nam-2024-737-1265752.htm
AGG,23/01/2025,AGG: B&#225;o c&#225;o kết quả giao dịch cổ phiếu của người c&#243; li&#234;n quan đến người nội bộ Nguyễn Hương Giang,//vietstock.vn/2025/01/agg-bao-cao-ket-qua-giao-dich-co-phieu-cua-nguoi-co-lien-quan-den-nguoi-noi-bo-nguyen-huong-giang-739-1265671.htm
AGG,15/01/2025,Doanh nghiệp địa ốc rộn r&#224;ng ra mắt dự &#225;n mới đầu năm 2025,//vietstock.vn/2025/01/doanh-nghiep-dia-oc-ron-rang-ra-mat-du-an-moi-dau-nam-2025-4220-1261902.htm
AGG,13/01/2025,AGG: Th&#244;ng b&#225;o giao dịch mua cổ phiếu của người c&#243; li&#234;n quan người nội bộ Nguyễn Hương Giang,//vietstock.vn/2025/01/agg-thong-bao-giao-dich-mua-co-phieu-cua-nguoi-co-lien-quan-nguoi-noi-bo-nguyen-huong-giang-739-1261557.htm
AGG,13/01/2025,AGG: Th&#244;ng b&#225;o giao dịch mua cổ phiếu của người c&#243; li&#234;n quan người nội bộ Nguyễn Hương Giang,//vietstock.vn/2025/01/agg-thong-bao-giao-dich-mua-co-phieu-cua-nguoi-co-lien-quan-nguoi-noi-bo-nguyen-huong-giang-739-1261558.htm
AGG,10/01/2025,"Thay đổi kế hoạch sử dụng vốn m&#224; chưa hỏi &#253; cổ đ&#244;ng, An Gia bị phạt 325 triệu đồng",//vietstock.vn/2025/01/thay-doi-ke-hoach-su-dung-von-ma-chua-hoi-y-co-dong-an-gia-bi-phat-325-trieu-dong-737-1261040.htm
AGG,31/12/2024,AGG: Nghị quyết HĐQT về việc th&#244;ng qua chủ trương s&#225;p nhập của C&#244;ng ty Cổ phần Bất động sản Gia Linh,//vietstock.vn/2024/12/agg-nghi-quyet-hdqt-ve-viec-thong-qua-chu-truong-sap-nhap-cua-cong-ty-co-phan-bat-dong-san-gia-linh-737-1257104.htm
AGG,31/12/2024,AGG: B&#225;o c&#225;o kết quả giao dịch cổ phiếu của Người nội bộ Nguyễn Th&#224;nh Ch&#226;u,//vietstock.vn/2024/12/agg-bao-cao-ket-qua-giao-dich-co-phieu-cua-nguoi-noi-bo-nguyen-thanh-chau-739-1257105.htm
AGG,31/12/2024,AGG: B&#225;o c&#225;o kết quả giao dịch cổ phiếu tổ chức c&#243; li&#234;n quan của Người nội bộ C&#244;ng ty Cổ phần Quản l&#253; v&#224; Đầu tư Trường Giang,//vietstock.vn/2024/12/agg-bao-cao-ket-qua-giao-dich-co-phieu-to-chuc-co-lien-quan-cua-nguoi-noi-bo-cong-ty-co-phan-quan-ly-va-dau-tu-truong-giang-737-1257120.htm
AGG,26/12/2024,AGG: B&#225;o c&#225;o về thay đổi sở hữu của cổ đ&#244;ng lớn Nguyễn B&#225; S&#225;ng,//vietstock.vn/2024/12/agg-bao-cao-ve-thay-doi-so-huu-cua-co-dong-lon-nguyen-ba-sang-739-1255873.htm
AGG,26/12/2024,AGG: B&#225;o c&#225;o kết quả giao dịch cổ phiếu của người nội bộ Nguyễn B&#225; S&#225;ng,//vietstock.vn/2024/12/agg-bao-cao-ket-qua-giao-dich-co-phieu-cua-nguoi-noi-bo-nguyen-ba-sang-739-1255876.htm
AGG,26/12/2024,AGG: B&#225;o c&#225;o về ng&#224;y kh&#244;ng c&#242;n l&#224; cổ đ&#244;ng lớn C&#244;ng ty Cổ phần Quản l&#253; v&#224; Đầu tư Trường Giang,//vietstock.vn/2024/12/agg-bao-cao-ve-ngay-khong-con-la-co-dong-lon-cong-ty-co-phan-quan-ly-va-dau-tu-truong-giang-737-1255872.htm
AGG,26/12/2024,AGG: B&#225;o c&#225;o về thay đổi sở hữu của cổ đ&#244;ng lớn CTCP Quản l&#253; v&#224; Đầu tư Trường Giang,//vietstock.vn/2024/12/agg-bao-cao-ve-thay-doi-so-huu-cua-co-dong-lon-ctcp-quan-ly-va-dau-tu-truong-giang-737-1255818.htm
AGG,20/12/2024,AGG: B&#225;o c&#225;o về thay đổi sở hữu của cổ đ&#244;ng lớn Nguyễn B&#225; S&#225;ng,//vietstock.vn/2024/12/agg-bao-cao-ve-thay-doi-so-huu-cua-co-dong-lon-nguyen-ba-sang-739-1253913.htm
AGG,20/12/2024,AGG: B&#225;o c&#225;o về thay đổi sở hữu của cổ đ&#244;ng lớn C&#244;ng ty Cổ phần Quản l&#253; v&#224; Đầu tư Trường Giang,//vietstock.vn/2024/12/agg-bao-cao-ve-thay-doi-so-huu-cua-co-dong-lon-cong-ty-co-phan-quan-ly-va-dau-tu-truong-giang-737-1253914.htm
AGG,19/12/2024,AGG: B&#225;o c&#225;o về thay đổi sở hữu của cổ đ&#244;ng lớn C&#244;ng ty Cổ phần Quản l&#253; v&#224; Đầu tư Trường Giang,//vietstock.vn/2024/12/agg-bao-cao-ve-thay-doi-so-huu-cua-co-dong-lon-cong-ty-co-phan-quan-ly-va-dau-tu-truong-giang-737-1253713.htm
AGG,19/12/2024,AGG: B&#225;o c&#225;o về thay đổi sở hữu của cổ đ&#244;ng lớn Nguyễn B&#225; S&#225;ng,//vietstock.vn/2024/12/agg-bao-cao-ve-thay-doi-so-huu-cua-co-dong-lon-nguyen-ba-sang-739-1253712.htm
AGG,18/12/2024,AGG: Th&#244;ng b&#225;o giao dịch cổ phiếu của người nội bộ Nguyễn B&#225; S&#225;ng,//vietstock.vn/2024/12/agg-thong-bao-giao-dich-co-phieu-cua-nguoi-noi-bo-nguyen-ba-sang-830-1253608.htm
AGG,18/12/2024,AGG: Th&#244;ng b&#225;o giao dịch cổ phiếu của tổ chức c&#243; li&#234;n quan đến người nội bộ CTCP Quản l&#253; v&#224; ĐT Trường Giang,//vietstock.vn/2024/12/agg-thong-bao-giao-dich-co-phieu-cua-to-chuc-co-lien-quan-den-nguoi-noi-bo-ctcp-quan-ly-va-dt-truong-giang-739-1253607.htm
AGG,17/12/2024,AGG: B&#225;o c&#225;o kết quả giao dịch cổ phiếu người li&#234;n quan của Người nội bộ Nguyễn Hương Giang,//vietstock.vn/2024/12/agg-bao-cao-ket-qua-giao-dich-co-phieu-nguoi-lien-quan-cua-nguoi-noi-bo-nguyen-huong-giang-739-1253234.htm
AGG,16/12/2024,AGG: B&#225;o c&#225;o kết quả giao dịch cổ phiếu người li&#234;n quan của Người nội bộ Nguyễn Quỳnh Giang,//vietstock.vn/2024/12/agg-bao-cao-ket-qua-giao-dich-co-phieu-nguoi-lien-quan-cua-nguoi-noi-bo-nguyen-quynh-giang-739-1252798.htm
AGG,16/12/2024,AGG: B&#225;o c&#225;o về thay đổi sở hữu của cổ đ&#244;ng lớn Nguyễn B&#225; S&#225;ng,//vietstock.vn/2024/12/agg-bao-cao-ve-thay-doi-so-huu-cua-co-dong-lon-nguyen-ba-sang-739-1252795.htm
AGG,16/12/2024,AGG: B&#225;o c&#225;o về thay đổi sở hữu của cổ đ&#244;ng lớn C&#244;ng ty Cổ phần Quản l&#253; v&#224; Đầu tư Trường Giang,//vietstock.vn/2024/12/agg-bao-cao-ve-thay-doi-so-huu-cua-co-dong-lon-cong-ty-co-phan-quan-ly-va-dau-tu-truong-giang-737-1252797.htm
AGR,31/12/2025,AGR: Nghị quyết HĐQT về việc ph&#234; duyệt thiết lập hạn mức t&#237;n dụng tại Ng&#226;n h&#224;ng TMCP Việt Nam Thương T&#237;n,//vietstock.vn/2025/12/agr-nghi-quyet-hdqt-ve-viec-phe-duyet-thiet-lap-han-muc-tin-dung-tai-ngan-hang-tmcp-viet-nam-thuong-tin-737-1387134.htm
AGR,31/12/2025,AGR: Agriseco c&#244;ng bố Nghị quyết Hội đồng quản trị về việc ph&#234; duyệt thiết lập hạn mức t&#237;n dụng tại Ng&#226;n h&#224;ng TMCP Việt Nam Thương T&#237;n,//vietstock.vn/2025/12/agr-agriseco-cong-bo-nghi-quyet-hoi-dong-quan-tri-ve-viec-phe-duyet-thiet-lap-han-muc-tin-dung-tai-ngan-hang-tmcp-viet-nam-thuong-tin-737-1387314.htm
AGR,31/12/2025,AGR: Agriseco c&#244;ng bố Nghị quyết Hội đồng quản trị về việc ph&#234; duyệt thiết lập hạn mức t&#237;n dụng tại Ng&#226;n h&#224;ng TMCP Việt Nam Thương T&#237;n,//vietstock.vn/2025/12/agr-agriseco-cong-bo-nghi-quyet-hoi-dong-quan-tri-ve-viec-phe-duyet-thiet-lap-han-muc-tin-dung-tai-ngan-hang-tmcp-viet-nam-thuong-tin-737-1386744.htm
AGR,24/12/2025,AGR: Nghị quyết HĐQT về việc k&#253; hợp đồng cung cấp dịch vụ li&#234;n quan đến tr&#225;i phiếu ph&#225;t h&#224;nh ri&#234;ng lẻ tăng vốn cấp 2 Agribank năm 2025 lần 2 giữa Agribank v&#224; Agriseco,//vietstock.vn/2025/12/agr-nghi-quyet-hdqt-ve-viec-ky-hop-dong-cung-cap-dich-vu-lien-quan-den-trai-phieu-phat-hanh-rieng-le-tang-von-cap-2-agribank-nam-2025-lan-2-giua-agribank-va-agriseco-737-1384426.htm
AGR,24/12/2025,AGR: Agriseco c&#244;ng bố Nghị quyết HĐQT về việc k&#253; hợp đồng cung cấp dịch vụ li&#234;n quan đến tr&#225;i phiếu ph&#225;t h&#224;nh ri&#234;ng lẻ tăng vốn cấp 2 Agribank năm 2025 lần 2 giữa Agribank v&#224; Agriseco,//vietstock.vn/2025/12/agr-agriseco-cong-bo-nghi-quyet-hdqt-ve-viec-ky-hop-dong-cung-cap-dich-vu-lien-quan-den-trai-phieu-phat-hanh-rieng-le-tang-von-cap-2-agribank-nam-2025-lan-2-giua-agribank-va-agriseco-737-1384206.htm
AGR,20/10/2025,AGR: Giải tr&#236;nh biến động LNST qu&#253; 3/2025 so với c&#249;ng kỳ năm trước,//vietstock.vn/2025/10/agr-giai-trinh-bien-dong-lnst-quy-3-2025-so-voi-cung-ky-nam-truoc-830-1363200.htm
AGR,20/10/2025,AGR: BCTC qu&#253; 3 năm 2025,//vietstock.vn/2025/10/agr-bctc-quy-3-nam-2025-737-1363129.htm
AGR,12/09/2025,AGR: Nghị quyết HĐQT về việc tăng hạn mức t&#237;n dụng tại ACB,//vietstock.vn/2025/09/agr-nghi-quyet-hdqt-ve-viec-tang-han-muc-tin-dung-tai-acb-737-1351755.htm
AGR,29/08/2025,AGR: Giấy chứng nhận đăng k&#253; doanh nghiệp thay đổi lần thứ 12,//vietstock.vn/2025/08/agr-giay-chung-nhan-dang-ky-doanh-nghiep-thay-doi-lan-thu-12-737-1347368.htm
AGR,29/08/2025,AGR: Quyết định về việc k&#253; hợp đồng t&#237;n dụng với VCB - CN Thanh Xu&#226;n,//vietstock.vn/2025/08/agr-quyet-dinh-ve-viec-ky-hop-dong-tin-dung-voi-vcb-cn-thanh-xuan-830-1347367.htm
AGR,27/08/2025,AGR: Nghị quyết HĐQT về việc th&#244;ng qua cập nhật điều lệ c&#244;ng ty theo mức vốn điều lệ mới,//vietstock.vn/2025/08/agr-nghi-quyet-hdqt-ve-viec-thong-qua-cap-nhat-dieu-le-cong-ty-theo-muc-von-dieu-le-moi-737-1346261.htm
AGR,27/08/2025,AGR: Điều lệ c&#244;ng ty sửa đổi,//vietstock.vn/2025/08/agr-dieu-le-cong-ty-sua-doi-737-1346260.htm
AGR,15/08/2025,AGR: B&#225;o c&#225;o tỷ lệ an to&#224;n t&#224;i ch&#237;nh tại ng&#224;y 30/06/2025,//vietstock.vn/2025/08/agr-bao-cao-ty-le-an-toan-tai-chinh-tai-ngay-30-06-2025-830-1342181.htm
AGR,15/08/2025,H&#233; lộ 37 định chế t&#224;i ch&#237;nh l&#224; Th&#224;nh vi&#234;n Hội đồng b&#236;nh chọn IR Awards 2025,//vietstock.vn/2025/08/he-lo-37-dinh-che-tai-chinh-la-thanh-vien-hoi-dong-binh-chon-ir-awards-2025-830-1341114.htm
AGR,11/08/2025,AGR: Nghị quyết HĐQT th&#244;ng qua việc thay đổi vốn điều lệ,//vietstock.vn/2025/08/agr-nghi-quyet-hdqt-thong-qua-viec-thay-doi-von-dieu-le-737-1340190.htm
AGR,01/08/2025,AGR: Th&#244;ng b&#225;o thay đổi nh&#226;n sự - Miễn nhiệm Gi&#225;m đốc Chi nh&#225;nh Miền Bắc,//vietstock.vn/2025/08/agr-thong-bao-thay-doi-nhan-su-mien-nhiem-giam-doc-chi-nhanh-mien-bac-737-1336909.htm
AGR,30/07/2025,AGR: Quyết định về việc k&#253; kết hợp đồng t&#237;n dụng với BIDV Chi nh&#225;nh H&#224; Th&#224;nh,//vietstock.vn/2025/07/agr-quyet-dinh-ve-viec-ky-ket-hop-dong-tin-dung-voi-bidv-chi-nhanh-ha-thanh-737-1334677.htm
AGR,28/07/2025,AGR: Giải tr&#236;nh biến động c&#225;c chỉ ti&#234;u tại BCTC b&#225;n ni&#234;n năm 2025 đ&#227; được so&#225;t x&#233;t,//vietstock.vn/2025/07/agr-giai-trinh-bien-dong-cac-chi-tieu-tai-bctc-ban-nien-nam-2025-da-duoc-soat-xet-737-1333523.htm
AGR,28/07/2025,AGR: BCTC 6 th&#225;ng đầu năm 2025,//vietstock.vn/2025/07/agr-bctc-6-thang-dau-nam-2025-737-1333556.htm
AGR,21/07/2025,"Tự doanh thua lỗ do c&#250; sốc thuế quan, Agriseco giảm một nửa lợi nhuận trong qu&#253; 2",//vietstock.vn/2025/07/tu-doanh-thua-lo-do-cu-soc-thue-quan-agriseco-giam-mot-nua-loi-nhuan-trong-quy-2-737-1330022.htm
AGR,21/07/2025,AGR: Giải tr&#236;nh biến động LNST tr&#234;n BCTC qu&#253; 2/2025 so với c&#249;ng kỳ năm trước,//vietstock.vn/2025/07/agr-giai-trinh-bien-dong-lnst-tren-bctc-quy-2-2025-so-voi-cung-ky-nam-truoc-737-1330448.htm
AGR,18/07/2025,AGR: Th&#244;ng b&#225;o Quyết định của UBCKNN về việc thu hồi QĐ chấp thuận th&#224;nh lập Chi nh&#225;nh Miền Bắc,//vietstock.vn/2025/07/agr-thong-bao-quyet-dinh-cua-ubcknn-ve-viec-thu-hoi-qd-chap-thuan-thanh-lap-chi-nhanh-mien-bac-737-1330016.htm
AGR,18/07/2025,AGR: BCTC qu&#253; 2 năm 2025,//vietstock.vn/2025/07/agr-bctc-quy-2-nam-2025-737-1331213.htm
AGR,17/07/2025,AGR: B&#225;o c&#225;o t&#236;nh h&#236;nh quản trị 6 th&#225;ng đầu năm 2025,//vietstock.vn/2025/07/agr-bao-cao-tinh-hinh-quan-tri-6-thang-dau-nam-2025-737-1329370.htm
AGR,08/07/2025,AGR: Th&#244;ng b&#225;o chấm dứt hoạt động chi nh&#225;nh Miền Bắc,//vietstock.vn/2025/07/agr-thong-bao-cham-dut-hoat-dong-chi-nhanh-mien-bac-737-1326183.htm
AGR,01/07/2025,AGR: Th&#244;ng b&#225;o Giấy ph&#233;p điều chỉnh Giấy ph&#233;p th&#224;nh lập v&#224; hoạt động CTCK,//vietstock.vn/2025/07/agr-thong-bao-giay-phep-dieu-chinh-giay-phep-thanh-lap-va-hoat-dong-ctck-737-1323802.htm
AGR,01/07/2025,IR Awards 2025: 460 doanh nghiệp ni&#234;m yết ho&#224;n th&#224;nh tốt nghĩa vụ c&#244;ng bố th&#244;ng tin năm 2025,//vietstock.vn/2025/07/ir-awards-2025-460-doanh-nghiep-niem-yet-hoan-thanh-tot-nghia-vu-cong-bo-thong-tin-nam-2025-830-1323066.htm
AGR,30/06/2025,AGR: Th&#244;ng b&#225;o về việc giao dịch chứng kho&#225;n thay đổi đăng k&#253; ni&#234;m yết,//vietstock.vn/2025/06/agr-thong-bao-ve-viec-giao-dich-chung-khoan-thay-doi-dang-ky-niem-yet-741-1322886.htm
AGR,27/06/2025,AGR: Th&#244;ng b&#225;o về việc ni&#234;m yết v&#224; giao dịch cổ phiếu thay đổi ni&#234;m yết,//vietstock.vn/2025/06/agr-thong-bao-ve-viec-niem-yet-va-giao-dich-co-phieu-thay-doi-niem-yet-741-1322609.htm
AGR,25/06/2025,AGR: Th&#244;ng b&#225;o nhận được QĐ của HOSE về việc chấp thuận thay đổi đăng k&#253; ni&#234;m yết,//vietstock.vn/2025/06/agr-thong-bao-nhan-duoc-qd-cua-hose-ve-viec-chap-thuan-thay-doi-dang-ky-niem-yet-741-1321685.htm
AGR,24/06/2025,AGR: Quyết định thay đổi ni&#234;m yết,//vietstock.vn/2025/06/agr-quyet-dinh-thay-doi-niem-yet-741-1321318.htm
AGR,23/06/2025,AGR: Th&#244;ng b&#225;o c&#244;ng văn của VSDC về giấy chứng nhận điều chỉnh th&#244;ng tin số lượng cổ phiếu đăng k&#253; của AGR,//vietstock.vn/2025/06/agr-thong-bao-cong-van-cua-vsdc-ve-giay-chung-nhan-dieu-chinh-thong-tin-so-luong-co-phieu-dang-ky-cua-agr-830-1320682.htm
AGR,20/06/2025,AGR: Quyết định k&#253; kết hợp đồng t&#237;n dụng với BIDV -CN Từ Li&#234;m,//vietstock.vn/2025/06/agr-quyet-dinh-ky-ket-hop-dong-tin-dung-voi-bidv-cn-tu-liem-830-1319989.htm
AGR,17/06/2025,AGR: Th&#244;ng b&#225;o c&#244;ng văn của UBCKNN về chấp thuận b&#225;o c&#225;o kết quả ph&#225;t h&#224;nh cổ phiếu để trả cổ tức của AGR,//vietstock.vn/2025/06/agr-thong-bao-cong-van-cua-ubcknn-ve-chap-thuan-bao-cao-ket-qua-phat-hanh-co-phieu-de-tra-co-tuc-cua-agr-738-1318775.htm
AGR,17/06/2025,AGR: Nghị quyết HĐQT về việc ph&#234; duyệt hạn mức t&#237;n dụng tại Eximbank,//vietstock.vn/2025/06/agr-nghi-quyet-hdqt-ve-viec-phe-duyet-han-muc-tin-dung-tai-eximbank-737-1318774.htm
AGR,16/06/2025,AGR: Th&#244;ng b&#225;o thay đổi nh&#226;n sự c&#244;ng ty,//vietstock.vn/2025/06/agr-thong-bao-thay-doi-nhan-su-cong-ty-214-1318398.htm
AGR,10/06/2025,AGR: Th&#244;ng b&#225;o thay đổi số lượng cổ phiếu c&#243; quyền biểu quyết đang lưu h&#224;nh v&#224; b&#225;o c&#225;o kết quả ph&#225;t h&#224;nh cổ phiếu để trả cổ tức,//vietstock.vn/2025/06/agr-thong-bao-thay-doi-so-luong-co-phieu-co-quyen-bieu-quyet-dang-luu-hanh-va-bao-cao-ket-qua-phat-hanh-co-phieu-de-tra-co-tuc-738-1316731.htm
AGR,10/06/2025,AGR: Th&#244;ng b&#225;o đơn xin chấm dứt thực hiện HĐLĐ của &#244;ng Trần Hữu Ph&#250;c Ph&#243; TGĐ,//vietstock.vn/2025/06/agr-thong-bao-don-xin-cham-dut-thuc-hien-hdld-cua-ong-tran-huu-phuc-pho-tgd-830-1316730.htm
AGR,05/06/2025,AGR: Quyết định về việc k&#253; hợp đồng t&#237;n dụng với Ng&#226;n h&#224;ng TMCP C&#244;ng Thương Việt Nam - Chi nh&#225;nh TP.H&#224; Nội,//vietstock.vn/2025/06/agr-quyet-dinh-ve-viec-ky-hop-dong-tin-dung-voi-ngan-hang-tmcp-cong-thuong-viet-nam-chi-nhanh-tp-ha-noi-737-1315251.htm
AGR,03/06/2025,AGR: &#212;ng Phạm Việt Hưng l&#224; người được ủy quyền thực hiện CBTT thay cho &#212;ng Đinh Ngọc Đạt,//vietstock.vn/2025/06/agr-ong-pham-viet-hung-la-nguoi-duoc-uy-quyen-thuc-hien-cbtt-thay-cho-ong-dinh-ngoc-dat-214-1314702.htm
AGR,23/05/2025,AGR: Th&#244;ng b&#225;o về ng&#224;y đăng k&#253; cuối c&#249;ng để thực hiện quyền nhận cổ tức bằng cổ phiếu năm 2024,//vietstock.vn/2025/05/agr-thong-bao-ve-ngay-dang-ky-cuoi-cung-de-thuc-hien-quyen-nhan-co-tuc-bang-co-phieu-nam-2024-737-1311375.htm
AGR,22/05/2025,AGR: C&#225;c Nghị quyết HĐQT về việc k&#253; hợp đồng với Agribank,//vietstock.vn/2025/05/agr-cac-nghi-quyet-hdqt-ve-viec-ky-hop-dong-voi-agribank-737-1311197.htm
AGR,21/05/2025,AGR: Nghị quyết HĐQT về việc lựa chọn c&#244;ng ty kiểm to&#225;n BCTC năm 2025,//vietstock.vn/2025/05/agr-nghi-quyet-hdqt-ve-viec-lua-chon-cong-ty-kiem-toan-bctc-nam-2025-737-1310587.htm
AGR,19/05/2025,"Agriseco sắp ph&#225;t h&#224;nh gần 13 triệu cp trả cổ tức, tăng vốn l&#234;n hơn 2,283 tỷ",//vietstock.vn/2025/05/agriseco-sap-phat-hanh-gan-13-trieu-cp-tra-co-tuc-tang-von-len-hon-2283-ty-738-1309718.htm
AGR,16/05/2025,AGR: CBTT ph&#225;t h&#224;nh cổ phiếu trả cổ tức năm 2024,//vietstock.vn/2025/05/agr-cbtt-phat-hanh-co-phieu-tra-co-tuc-nam-2024-738-1309496.htm
AGR,15/05/2025,AGR: Nghị quyết HĐQT về việc ph&#234; duyệt thiết lập hạn mức t&#237;n dụng tại NH ACB,//vietstock.vn/2025/05/agr-nghi-quyet-hdqt-ve-viec-phe-duyet-thiet-lap-han-muc-tin-dung-tai-nh-acb-737-1309008.htm
AGR,05/05/2025,AGR: Bổ nhiệm &#212;ng Trần Hữu Ph&#250;c giữ chức vụ Ph&#243; Tổng Gi&#225;m đốc,//vietstock.vn/2025/05/agr-bo-nhiem-ong-tran-huu-phuc-giu-chuc-vu-pho-tong-giam-doc-214-1306018.htm
AGR,26/04/2025,AGR: Nghị quyết HĐQT về việc triển khai phương &#225;n ph&#225;t h&#224;nh cổ phiếu để trả cổ tức năm 2024,//vietstock.vn/2025/04/agr-nghi-quyet-hdqt-ve-viec-trien-khai-phuong-an-phat-hanh-co-phieu-de-tra-co-tuc-nam-2024-737-1302054.htm
AGR,18/04/2025,AGR: BCTC qu&#253; 1 năm 2025,//vietstock.vn/2025/04/agr-bctc-quy-1-nam-2025-737-1297701.htm
AGR,31/03/2025,AGR: Nghị quyết v&#224; Bi&#234;n bản họp ĐHĐCĐ thường ni&#234;n năm 2025,//vietstock.vn/2025/03/agr-nghi-quyet-va-bien-ban-hop-dhdcd-thuong-nien-nam-2025-737-1287855.htm
AGR,31/03/2025,AGR: T&#224;i liệu họp ĐHĐCĐ thường ni&#234;n năm 2025,//vietstock.vn/2025/03/agr-tai-lieu-hop-dhdcd-thuong-nien-nam-2025-737-1287854.htm
AGR,29/03/2025,Agriseco th&#244;ng qua phương &#225;n ph&#225;t h&#224;nh gần 13 triệu cp trả cổ tức,//vietstock.vn/2025/03/agriseco-thong-qua-phuong-an-phat-hanh-gan-13-trieu-cp-tra-co-tuc-737-1287598.htm
AGR,25/03/2025,Những “tay chơi” mới ở mảng IB,//vietstock.vn/2025/03/nhung-tay-choi-moi-o-mang-ib-737-1285294.htm
AGR,20/03/2025,AGR: Bổ nhiệm lại B&#224; Ng&#244; Thị Mai Hương giữ chức vụ Trưởng Ban kiểm to&#225;n nội bộ v&#224; Quản trị rủi ro,//vietstock.vn/2025/03/agr-bo-nhiem-lai-ba-ngo-thi-mai-huong-giu-chuc-vu-truong-ban-kiem-toan-noi-bo-va-quan-tri-rui-ro-214-1283737.htm
AGR,18/03/2025,AGR: B&#225;o c&#225;o thường ni&#234;n năm 2024,//vietstock.vn/2025/03/agr-bao-cao-thuong-nien-nam-2024-737-1282505.htm
AGR,10/03/2025,"Agriseco đặt kế hoạch l&#227;i hơn 180 tỷ đồng, chia cổ tức 6%",//vietstock.vn/2025/03/agriseco-dat-ke-hoach-lai-hon-180-ty-dong-chia-co-tuc-6-737-1279760.htm
AGR,07/03/2025,AGR: Th&#244;ng b&#225;o thư mời v&#224; đường dẫn t&#224;i liệu họp ĐHĐCĐ thường ni&#234;n năm 2024,//vietstock.vn/2025/03/agr-thong-bao-thu-moi-va-duong-dan-tai-lieu-hop-dhdcd-thuong-nien-nam-2024-737-1279011.htm
AGR,03/03/2025,AGR: BCTC T&#243;m tắt năm 2024,//vietstock.vn/2025/03/agr-bctc-tom-tat-nam-2024-737-1276680.htm
AGR,14/02/2025,AGR: Th&#244;ng b&#225;o ng&#224;y ĐKCC để thực hiện quyền tham dự ĐHCĐ thường ni&#234;n năm 2025,//vietstock.vn/2025/02/agr-thong-bao-ngay-dkcc-de-thuc-hien-quyen-tham-du-dhcd-thuong-nien-nam-2025-830-1272045.htm
AGR,12/02/2025,AGR: Nghị quyết HĐQT về việc th&#244;ng qua kế hoạch tổ chức họp ĐHĐCĐ thường ni&#234;n 2025,//vietstock.vn/2025/02/agr-nghi-quyet-hdqt-ve-viec-thong-qua-ke-hoach-to-chuc-hop-dhdcd-thuong-nien-2025-737-1271314.htm
AGR,12/02/2025,AGR: CBTT ng&#224;y ĐKCC để thực hiện quyền tham dự ĐHCĐ thường ni&#234;n năm 2025,//vietstock.vn/2025/02/agr-cbtt-ngay-dkcc-de-thuc-hien-quyen-tham-du-dhcd-thuong-nien-nam-2025-830-1271313.htm
AGR,24/01/2025,AGR: B&#225;o c&#225;o t&#236;nh h&#236;nh quản trị C&#244;ng ty năm 2024,//vietstock.vn/2025/01/agr-bao-cao-tinh-hinh-quan-tri-cong-ty-nam-2024-737-1266944.htm
AGR,20/01/2025,AGR: Giải tr&#236;nh biến động LNST BCTC qu&#253; 4/2024 so với c&#249;ng kỳ năm trước,//vietstock.vn/2025/01/agr-giai-trinh-bien-dong-lnst-bctc-quy-4-2024-so-voi-cung-ky-nam-truoc-737-1263467.htm
AGR,20/01/2025,AGR: BCTC qu&#253; 4 năm 2024,//vietstock.vn/2025/01/agr-bctc-quy-4-nam-2024-737-1263476.htm
AGR,08/01/2025,Thị trường chứng kho&#225;n 2025: Vươn m&#236;nh,//vietstock.vn/2025/01/thi-truong-chung-khoan-2025-vuon-minh-145-1259724.htm
AGR,30/12/2024,Agriseco nhận 2 quyết định xử phạt li&#234;n tiếp v&#236; sai phạm thuế,//vietstock.vn/2024/12/agriseco-nhan-2-quyet-dinh-xu-phat-lien-tiep-vi-sai-pham-thue-737-1256477.htm
AGR,27/12/2024,AGR: Th&#244;ng b&#225;o nhận được Quyết định xử phạt vi phạm h&#224;nh ch&#237;nh về thuế của Cục thuế TP.H&#224; Nội,//vietstock.vn/2024/12/agr-thong-bao-nhan-duoc-quyet-dinh-xu-phat-vi-pham-hanh-chinh-ve-thue-cua-cuc-thue-tp-ha-noi-830-1256003.htm
AGR,04/12/2024,Ng&#226;n h&#224;ng n&#224;o đang c&#243; c&#244;ng ty chứng kho&#225;n trong tay?,//vietstock.vn/2024/12/ngan-hang-nao-dang-co-cong-ty-chung-khoan-trong-tay-737-1249776.htm
AGR,29/10/2024,AGR: Quyết định về việc k&#253; kết hợp đồng t&#237;n dụng với BIDV,//vietstock.vn/2024/10/agr-quyet-dinh-ve-viec-ky-ket-hop-dong-tin-dung-voi-bidv-830-1240757.htm
AGR,18/10/2024,AGR: Giải tr&#236;nh biến động c&#225;c chỉ ti&#234;u BCTC qu&#253; 3/2024,//vietstock.vn/2024/10/agr-giai-trinh-bien-dong-cac-chi-tieu-bctc-quy-3-2024-737-1237478.htm
AGR,18/10/2024,AGR: BCTC qu&#253; 3 năm 2024,//vietstock.vn/2024/10/agr-bctc-quy-3-nam-2024-737-1237495.htm
AGR,25/09/2024,AGR: Th&#244;ng b&#225;o ng&#224;y ĐKCC chi trả cổ tức năm 2023 bằng tiền,//vietstock.vn/2024/09/agr-thong-bao-ngay-dkcc-chi-tra-co-tuc-nam-2023-bang-tien-738-1231339.htm
AGR,18/09/2024,Agriseco sắp chi hơn 150 tỷ đồng cổ tức trong th&#225;ng 10,//vietstock.vn/2024/09/agriseco-sap-chi-hon-150-ty-dong-co-tuc-trong-thang-10-738-1229839.htm
AGR,17/09/2024,AGR: Th&#244;ng b&#225;o về ng&#224;y đăng k&#253; cuối c&#249;ng chi trả cổ tức năm 2023 bằng tiền,//vietstock.vn/2024/09/agr-thong-bao-ve-ngay-dang-ky-cuoi-cung-chi-tra-co-tuc-nam-2023-bang-tien-737-1229408.htm
AGR,11/09/2024,Minh bạch th&#244;ng tin sẽ chi phối quyết định đầu tư?,//vietstock.vn/2024/09/minh-bach-thong-tin-se-chi-phoi-quyet-dinh-dau-tu-145-1226226.htm
AGR,15/08/2024,AGR: Th&#244;ng b&#225;o Quyết định của UBCKNN về việc thu hồi Quyết định chấp thuận lập ph&#242;ng GD CTCK,//vietstock.vn/2024/08/agr-thong-bao-quyet-dinh-cua-ubcknn-ve-viec-thu-hoi-quyet-dinh-chap-thuan-lap-phong-gd-ctck-830-1219677.htm
AGR,15/08/2024,H&#233; lộ 36 định chế t&#224;i ch&#237;nh l&#224; th&#224;nh vi&#234;n Hội đồng b&#236;nh chọn IR Awards 2024,//vietstock.vn/2024/08/he-lo-36-dinh-che-tai-chinh-la-thanh-vien-hoi-dong-binh-chon-ir-awards-2024-830-1219159.htm
AGR,13/08/2024,AGR: Quyết định về việc k&#253; kết hợp đồng t&#237;n dụng với NH Ngoại thương VN,//vietstock.vn/2024/08/agr-quyet-dinh-ve-viec-ky-ket-hop-dong-tin-dung-voi-nh-ngoai-thuong-vn-830-1218787.htm
AGR,02/08/2024,AGR: Bổ nhiệm lại B&#224; Nguyễn Ngọc Lan giữ chức Ph&#243; Tổng gi&#225;m đốc,//vietstock.vn/2024/08/agr-bo-nhiem-lai-ba-nguyen-ngoc-lan-giu-chuc-pho-tong-giam-doc-214-1216125.htm
AGR,02/08/2024,AGR: Quyết định của HĐQT về việc bổ nhiệm lại B&#224; Nguyễn Ngọc Lan tiếp tục giữ chức Ph&#243; Tổng Gi&#225;m đốc,//vietstock.vn/2024/08/agr-quyet-dinh-cua-hdqt-ve-viec-bo-nhiem-lai-ba-nguyen-ngoc-lan-tiep-tuc-giu-chuc-pho-tong-giam-doc-214-1216120.htm
AGR,26/07/2024,AGR: Giải tr&#236;nh ch&#234;nh lệch KQKD 6T/2024 so với c&#249;ng kỳ năm trước,//vietstock.vn/2024/07/agr-giai-trinh-chenh-lech-kqkd-6t-2024-so-voi-cung-ky-nam-truoc-737-1211953.htm
AGR,26/07/2024,AGR: BCTC qu&#253; 2 năm 2024,//vietstock.vn/2024/07/agr-bctc-quy-2-nam-2024-737-1211992.htm
AGR,24/07/2024,AGR: B&#225;o c&#225;o t&#236;nh h&#236;nh quản trị c&#244;ng ty 6 th&#225;ng đầu năm 2024,//vietstock.vn/2024/07/agr-bao-cao-tinh-hinh-quan-tri-cong-ty-6-thang-dau-nam-2024-737-1211243.htm
AGR,19/07/2024,AGR: Giải tr&#236;nh ch&#234;nh lệch lợi nhuận sau thuế qu&#253; 2/2024 so với qu&#253; 2/2023,//vietstock.vn/2024/07/agr-giai-trinh-chenh-lech-loi-nhuan-sau-thue-quy-2-2024-so-voi-quy-2-2023-737-1209338.htm
AGR,19/07/2024,AGR: BCTC T&#243;m tắt qu&#253; 2 năm 2024,//vietstock.vn/2024/07/agr-bctc-tom-tat-quy-2-nam-2024-737-1209471.htm
AGR,19/07/2024,AGR: BCTC qu&#253; 2 năm 2024,//vietstock.vn/2024/07/agr-bctc-quy-2-nam-2024-737-1209472.htm
AGR,02/07/2024,"AGR: Th&#244;ng b&#225;o thay đổi nh&#226;n sự, c&#225;n bộ quản trị C&#244;ng ty",//vietstock.vn/2024/07/agr-thong-bao-thay-doi-nhan-su-can-bo-quan-tri-cong-ty-214-1203751.htm
AGR,02/07/2024,AGR: CBTT Quyết định Tổng gi&#225;m đốc về việc điều động c&#225;n bộ v&#224; bổ nhiệm nh&#226;n sự,//vietstock.vn/2024/07/agr-cbtt-quyet-dinh-tong-giam-doc-ve-viec-dieu-dong-can-bo-va-bo-nhiem-nhan-su-214-1203752.htm
AGR,01/07/2024,"IR Awards 2024: 424 doanh nghiệp ni&#234;m yết thực hiện tốt c&#225;c ti&#234;u chuẩn c&#244;ng bố th&#244;ng tin, tỷ lệ tăng mạnh l&#234;n mức 60%",//vietstock.vn/2024/07/ir-awards-2024-424-doanh-nghiep-niem-yet-thuc-hien-tot-cac-tieu-chuan-cong-bo-thong-tin-ty-le-tang-manh-len-muc-60-830-1203100.htm
AGR,21/06/2024,AGR: CBTT Quyết định của UBCK về việc chấp thuận đ&#243;ng cửa PGD Nguyễn Văn Trỗi v&#224; CN Miền Bắc,//vietstock.vn/2024/06/agr-cbtt-quyet-dinh-cua-ubck-ve-viec-chap-thuan-dong-cua-pgd-nguyen-van-troi-va-cn-mien-bac-830-1200576.htm
AGR,21/06/2024,[Infographic] C&#244;ng ty chứng kho&#225;n trả cổ tức ra sao?,//vietstock.vn/2024/06/infographic-cong-ty-chung-khoan-tra-co-tuc-ra-sao-738-1200326.htm
AGR,13/06/2024,AGR: Nghị quyết HĐQT về việc th&#244;ng qua chủ trương đ&#243;ng cửa Chi nh&#225;nh miền Bắc v&#224; PGD Nguyễn Văn Trỗi - Chi nh&#225;nh miền Nam,//vietstock.vn/2024/06/agr-nghi-quyet-hdqt-ve-viec-thong-qua-chu-truong-dong-cua-chi-nhanh-mien-bac-va-pgd-nguyen-van-troi-chi-nhanh-mien-nam-737-1198449.htm
AGR,12/06/2024,AGR: Nghị quyết HĐQT về việc lựa chọn đơn vị kiểm to&#225;n cho năm 2024,//vietstock.vn/2024/06/agr-nghi-quyet-hdqt-ve-viec-lua-chon-don-vi-kiem-toan-cho-nam-2024-737-1198047.htm
AGR,07/06/2024,AGR: Nghị quyết HĐQT số 418 ng&#224;y 07/06/2024,//vietstock.vn/2024/06/agr-nghi-quyet-hdqt-so-418-ngay-07-06-2024-737-1196866.htm
AGR,06/06/2024,Những khoản dự ph&#242;ng phải thu “bạc tỷ” của c&#244;ng ty chứng kho&#225;n,//vietstock.vn/2024/06/nhung-khoan-du-phong-phai-thu-bac-ty-cua-cong-ty-chung-khoan-737-1195519.htm
AGR,05/06/2024,AGR: CBTT Nghị quyết HĐQT th&#244;ng qua thực hiện b&#225;n CP quỹ với b&#234;n c&#243; li&#234;n quan,//vietstock.vn/2024/06/agr-cbtt-nghi-quyet-hdqt-thong-qua-thuc-hien-ban-cp-quy-voi-ben-co-lien-quan-737-1195909.htm
AGR,03/06/2024,AGR: Bổ nhiệm lại &#212;ng Nguyễn Trung Ki&#234;n tiếp tục giữ chức Gi&#225;m đốc chi nh&#225;nh Miền Trung,//vietstock.vn/2024/06/agr-bo-nhiem-lai-ong-nguyen-trung-kien-tiep-tuc-giu-chuc-giam-doc-chi-nhanh-mien-trung-214-1195365.htm
AGR,03/06/2024,AGR: Bổ nhiệm lại chức vụ Gi&#225;m đốc chi nh&#225;nh Miền Trung đối với &#212;ng Nguyễn Trung Ki&#234;n,//vietstock.vn/2024/06/agr-bo-nhiem-lai-chuc-vu-giam-doc-chi-nhanh-mien-trung-doi-voi-ong-nguyen-trung-kien-214-1195194.htm
AGR,27/05/2024,AGR: Quyết định của HĐQT về việc k&#253; kết hợp đồng t&#237;n dụng,//vietstock.vn/2024/05/agr-quyet-dinh-cua-hdqt-ve-viec-ky-ket-hop-dong-tin-dung-830-1193439.htm
AGR,23/04/2024,AGR: CBTT Bi&#234;n bản họp v&#224; Nghị quyết ĐHĐCĐ thường ni&#234;n năm 2024,//vietstock.vn/2024/04/agr-cbtt-bien-ban-hop-va-nghi-quyet-dhdcd-thuong-nien-nam-2024-737-1181995.htm
